-- phpMyAdmin SQL Dump
-- version 4.7.3
-- https://www.phpmyadmin.net/
--
-- Хост: mysql
-- Время создания: Авг 07 2017 г., 06:02
-- Версия сервера: 5.7.19
-- Версия PHP: 7.0.21

SET SQL_MODE = "NO_AUTO_VALUE_ON_ZERO";
SET AUTOCOMMIT = 0;
START TRANSACTION;
SET time_zone = "+00:00";


/*!40101 SET @OLD_CHARACTER_SET_CLIENT=@@CHARACTER_SET_CLIENT */;
/*!40101 SET @OLD_CHARACTER_SET_RESULTS=@@CHARACTER_SET_RESULTS */;
/*!40101 SET @OLD_COLLATION_CONNECTION=@@COLLATION_CONNECTION */;
/*!40101 SET NAMES utf8mb4 */;

--
-- База данных: `gate`
--

-- --------------------------------------------------------

--
-- Структура таблицы `content`
--

CREATE TABLE `content` (
  `id` int(11) NOT NULL,
  `order` int(11) DEFAULT NULL,
  `pid` int(11) DEFAULT '1',
  `class` text,
  `name` text,
  `path` text,
  `settings` text
) ENGINE=MyISAM DEFAULT CHARSET=utf8;

--
-- Дамп данных таблицы `content`
--

INSERT INTO `content` (`id`, `order`, `pid`, `class`, `name`, `path`, `settings`) VALUES
(1, 1, 0, NULL, 'Корневой раздел', '/', 'a:1:{s:8:\"security\";a:1:{s:3:\"ALL\";a:2:{s:5:\"order\";s:10:\"allow_deny\";s:4:\"acts\";a:1:{i:0;a:2:{s:3:\"act\";s:8:\"AllowAll\";s:3:\"val\";s:0:\"\";}}}}}'),
(2, 1, 1, 'CCAnchor', 'Статьи', 'articles', 'a:2:{s:8:\"security\";a:4:{s:3:\"ALL\";a:2:{s:5:\"order\";s:10:\"deny_allow\";s:4:\"acts\";a:1:{i:0;a:2:{s:3:\"act\";s:10:\"AllowGroup\";s:3:\"val\";s:1:\"1\";}}}s:4:\"READ\";a:2:{s:5:\"order\";s:10:\"allow_deny\";s:4:\"acts\";a:1:{i:0;a:2:{s:3:\"act\";s:8:\"AllowAll\";s:3:\"val\";s:0:\"\";}}}s:4:\"EDIT\";a:2:{s:5:\"order\";s:10:\"deny_allow\";s:4:\"acts\";a:2:{i:0;a:2:{s:3:\"act\";s:10:\"AllowGroup\";s:3:\"val\";s:1:\"2\";}i:1;a:2:{s:3:\"act\";s:10:\"AllowGroup\";s:3:\"val\";s:1:\"1\";}}}s:8:\"EDITINFO\";a:2:{s:5:\"order\";s:10:\"deny_allow\";s:4:\"acts\";a:2:{i:0;a:2:{s:3:\"act\";s:10:\"AllowGroup\";s:3:\"val\";s:1:\"2\";}i:1;a:2:{s:3:\"act\";s:10:\"AllowGroup\";s:3:\"val\";s:1:\"1\";}}}}s:4:\"data\";a:0:{}}'),
(3, 1, 2, 'CCPublication', 'Новости', 'news', 'a:2:{s:8:\"security\";a:1:{s:7:\"inherit\";b:1;}s:4:\"data\";a:6:{s:7:\"dataset\";a:2:{s:2:\"id\";s:1:\"1\";s:8:\"settings\";a:1:{s:6:\"fields\";a:5:{s:4:\"date\";a:0:{}s:5:\"title\";a:1:{s:6:\"nlines\";s:1:\"1\";}s:5:\"image\";a:4:{s:7:\"storage\";s:1:\"1\";s:6:\"hlimit\";s:5:\"<=160\";s:6:\"vlimit\";s:5:\"<=160\";s:4:\"size\";s:7:\"<=65536\";}s:5:\"short\";a:1:{s:6:\"nlines\";s:1:\"2\";}s:4:\"full\";a:2:{s:5:\"image\";a:4:{s:7:\"storage\";s:1:\"2\";s:6:\"hlimit\";s:5:\"<=320\";s:6:\"vlimit\";s:5:\"<=240\";s:4:\"size\";s:8:\"<=131072\";}s:4:\"file\";a:2:{s:7:\"storage\";s:1:\"2\";s:4:\"size\";s:10:\"<=10485760\";}}}}}s:7:\"content\";s:19:\"content_support_3_1\";s:6:\"script\";s:2:\"15\";s:10:\"itemScript\";s:2:\"13\";s:10:\"fullScript\";s:2:\"14\";s:8:\"detailed\";i:1;}}'),
(12, 7, 2, 'CCList', 'Правила', 'rules', 'a:2:{s:8:\"security\";a:1:{s:7:\"inherit\";b:1;}s:4:\"data\";a:3:{s:7:\"dataset\";a:2:{s:2:\"id\";s:1:\"3\";s:8:\"settings\";a:1:{s:6:\"fields\";a:1:{s:4:\"text\";N;}}}s:7:\"content\";s:20:\"content_support_12_3\";s:6:\"script\";s:2:\"11\";}}'),
(5, 3, 2, 'CCList', 'О проекте', 'about', 'a:2:{s:8:\"security\";a:1:{s:7:\"inherit\";b:1;}s:4:\"data\";a:3:{s:7:\"dataset\";a:2:{s:2:\"id\";s:1:\"3\";s:8:\"settings\";a:1:{s:6:\"fields\";a:1:{s:4:\"text\";a:2:{s:5:\"image\";a:4:{s:7:\"storage\";s:1:\"2\";s:6:\"hlimit\";s:5:\"<=320\";s:6:\"vlimit\";s:5:\"<=240\";s:4:\"size\";s:7:\"<=65536\";}s:4:\"file\";a:2:{s:7:\"storage\";s:1:\"2\";s:4:\"size\";s:10:\"<=10485760\";}}}}}s:7:\"content\";s:19:\"content_support_5_3\";s:6:\"script\";s:2:\"11\";}}'),
(6, 4, 2, 'CCCatalogue', 'ЧаВо', 'FAQ', 'a:2:{s:8:\"security\";a:1:{s:7:\"inherit\";b:1;}s:4:\"data\";a:4:{s:7:\"content\";s:20:\"content_support_6_-1\";s:6:\"script\";s:1:\"3\";s:11:\"cat_1_dsset\";a:1:{s:6:\"fields\";a:1:{s:5:\"title\";a:1:{s:6:\"nlines\";s:1:\"1\";}}}s:11:\"cat_2_dsset\";a:1:{s:6:\"fields\";a:3:{s:5:\"short\";a:1:{s:6:\"nlines\";s:1:\"1\";}s:4:\"full\";a:1:{s:6:\"nlines\";s:1:\"2\";}s:6:\"answer\";a:2:{s:5:\"image\";a:4:{s:7:\"storage\";s:1:\"2\";s:6:\"hlimit\";s:5:\"<=320\";s:6:\"vlimit\";s:5:\"<=240\";s:4:\"size\";s:8:\"<=131072\";}s:4:\"file\";a:2:{s:7:\"storage\";s:1:\"2\";s:4:\"size\";s:10:\"<=10485760\";}}}}}}'),
(7, 2, 1, 'CCAnchor', 'Ресурсы', 'resources', 'a:2:{s:8:\"security\";a:2:{s:3:\"ALL\";a:2:{s:5:\"order\";s:10:\"deny_allow\";s:4:\"acts\";a:1:{i:0;a:2:{s:3:\"act\";s:10:\"AllowGroup\";s:3:\"val\";s:1:\"1\";}}}s:4:\"READ\";a:2:{s:5:\"order\";s:10:\"allow_deny\";s:4:\"acts\";a:1:{i:0;a:2:{s:3:\"act\";s:8:\"AllowAll\";s:3:\"val\";s:0:\"\";}}}}s:4:\"data\";a:0:{}}'),
(8, 1, 7, 'CCPublication', 'Downloads', 'downloads', 'a:2:{s:8:\"security\";a:1:{s:7:\"inherit\";b:1;}s:4:\"data\";a:6:{s:7:\"dataset\";a:2:{s:2:\"id\";s:1:\"2\";s:8:\"settings\";a:1:{s:6:\"fields\";a:2:{s:5:\"title\";a:1:{s:6:\"nlines\";s:1:\"1\";}s:4:\"text\";a:2:{s:5:\"image\";a:4:{s:7:\"storage\";s:1:\"2\";s:6:\"hlimit\";s:5:\"<=320\";s:6:\"vlimit\";s:5:\"<=240\";s:4:\"size\";s:8:\"<=131072\";}s:4:\"file\";a:2:{s:7:\"storage\";s:1:\"2\";s:4:\"size\";s:10:\"<=10485760\";}}}}}s:7:\"content\";s:19:\"content_support_8_2\";s:6:\"script\";s:2:\"17\";s:10:\"itemScript\";s:2:\"16\";s:10:\"fullScript\";i:-1;s:8:\"detailed\";i:0;}}'),
(10, 5, 2, 'CCList', 'Тонкости работы в системе', 'nicety', 'a:2:{s:8:\"security\";a:1:{s:7:\"inherit\";b:1;}s:4:\"data\";a:3:{s:7:\"dataset\";a:2:{s:2:\"id\";s:1:\"3\";s:8:\"settings\";a:1:{s:6:\"fields\";a:1:{s:4:\"text\";N;}}}s:7:\"content\";s:20:\"content_support_10_3\";s:6:\"script\";s:2:\"11\";}}'),
(11, 6, 2, 'CCList', 'Контакты', 'contacts', 'a:2:{s:8:\"security\";a:1:{s:7:\"inherit\";b:1;}s:4:\"data\";a:3:{s:7:\"dataset\";a:2:{s:2:\"id\";s:1:\"3\";s:8:\"settings\";a:1:{s:6:\"fields\";a:1:{s:4:\"text\";N;}}}s:7:\"content\";s:20:\"content_support_11_3\";s:6:\"script\";s:2:\"11\";}}'),
(13, 8, 2, 'CCList', 'Тренировочные контесты', 'trainings', 'a:2:{s:8:\"security\";a:1:{s:7:\"inherit\";b:1;}s:4:\"data\";a:3:{s:7:\"dataset\";a:2:{s:2:\"id\";s:1:\"3\";s:8:\"settings\";a:1:{s:6:\"fields\";a:1:{s:4:\"text\";a:2:{s:5:\"image\";a:1:{s:7:\"storage\";s:1:\"1\";}s:4:\"file\";a:1:{s:7:\"storage\";s:1:\"1\";}}}}}s:7:\"content\";s:20:\"content_support_13_3\";s:6:\"script\";s:2:\"11\";}}'),
(15, 3, 1, 'CCList', 'test', 'test', 'a:2:{s:8:\"security\";a:1:{s:7:\"inherit\";b:1;}s:4:\"data\";a:3:{s:7:\"dataset\";a:2:{s:2:\"id\";s:1:\"1\";s:8:\"settings\";a:1:{s:6:\"fields\";a:2:{s:5:\"image\";a:1:{s:7:\"storage\";s:1:\"1\";}s:4:\"full\";a:2:{s:5:\"image\";a:1:{s:7:\"storage\";s:1:\"1\";}s:4:\"file\";a:1:{s:7:\"storage\";s:1:\"1\";}}}}}s:7:\"content\";s:20:\"content_support_15_1\";s:6:\"script\";i:-1;}}');

-- --------------------------------------------------------

--
-- Структура таблицы `content_support_3_1`
--

CREATE TABLE `content_support_3_1` (
  `id` int(11) NOT NULL,
  `timestamp` int(11) DEFAULT NULL,
  `user_id` int(11) DEFAULT NULL,
  `ip` text,
  `uid` int(11) DEFAULT NULL,
  `order` int(11) DEFAULT NULL,
  `date` date DEFAULT NULL,
  `title` longtext,
  `image` text,
  `short` longtext,
  `full` text
) ENGINE=MyISAM DEFAULT CHARSET=utf8;

--
-- Дамп данных таблицы `content_support_3_1`
--

INSERT INTO `content_support_3_1` (`id`, `timestamp`, `user_id`, `ip`, `uid`, `order`, `date`, `title`, `image`, `short`, `full`) VALUES
(1, 1193595420, 1, '77.43.157.137', 1, 1, '2007-10-28', 'WebTester Server 5.0.0 released', '', 'Наконец-то, после двух лет разработки выходит в свет совершенно новая версия проекта WebTester. Система была полностью переписана, поэтому я не вижу смысла выкладывать ChangeLog для этой версии. Если Вам интересна проделанная работа, то Вы можете об этом прочитать в разделе \"[url=${document-root}/articles/about]О проекте[/url]\". Исходный текст ситемы в сеть пока не выложен. Об этом читайте в разделе \"[url=${document-root}/resources/downloads]Downloads[/url]\".', '<p><br></p>'),
(2, 1194458165, 1, '77.43.157.137', 2, 1, '2007-11-07', 'Обновление WebTester Server 5.0.0-1, testlib-1.0.0-RC2', '', 'В основном закрыты ошибки программирования, небольшие улучшения в коде.', '<p><br></p>'),
(3, 1197048387, 1, '77.43.193.136', 1, 1, '2007-10-28', 'WebTester Server 5.0.0 released', '', 'Наконец-то, после двух лет разработки выходит в свет совершенно новая версия проекта WebTester. Система была полностью переписана, поэтому я не вижу смысла выкладывать ChangeLog для этой версии. Если Вам интересна проделанная работа, то Вы можете об этом прочитать в разделе \"[url=${document-root}/articles/about]О проекте[/url]\". Исходный текст системы в сеть пока не выложен. Об этом читайте в разделе \"[url=${document-root}/resources/downloads]Downloads[/url]\".', '<p><br></p>'),
(4, 1201170935, 1, '89.148.215.54', 4, 1, '2008-01-24', 'Тренировочный контест', '', 'В это воскресенье, 27 января параллельно пройдет два тренировочных контеста. Набор задач на них будет одинаковы и различие заключается лишь в том, что для школьников и не самых крутых студентов он будет командным, а для крутых студентов - личным.', '<p><br></p>'),
(5, 1201171036, 1, '89.148.215.54', 4, 1, '2008-01-24', 'Тренировочный контест', '', 'В это воскресенье, 27 января параллельно пройдет два тренировочных контеста. Набор задач на них будет одинаковы и различие заключается лишь в том, что для школьников и не самых крутых студентов он будет командным, а для крутых студентов - личным.\r\nНачало контеста: 10:00 по местному времени. Продолжительность - 5 часов.', '<p><br></p>'),
(6, 1201407754, 1, '192.168.0.10', 6, 1, '2008-01-27', 'Небольшие изменения в системе', '', 'При регистрации добавлена CAPTCHA (Completely Automated Public Turing test to tell Computers and Humans Apart). Это сделано для предотвращения создавания в системе аккаунтов автоматическими ботами регистрации. Если у Вас возникнут проблемы с регистрацией свяжитесь с администрацией сайта или майнтэйнером проекта.\r\nТакже добавлена возможность прикрепления архива с условиями задач к контесту. Если таковое действие проведено на контесте, то на странице с уловиями задач у Вас появится ссылка для скачивания условий.', '<p><br></p>'),
(7, 1201969237, 1, '89.148.243.35', 4, 1, '2008-01-24', 'Тренировочный контест', '', 'В это воскресенье, 27 января, параллельно пройдет два тренировочных контеста. Набор задач на них будет одинаков, и различие заключается лишь в том, что для школьников и не самых крутых студентов он будет командным, а для крутых студентов — личным.\r\nНачало контеста: 10:00 по местному времени. Продолжительность - 5 часов.', '<P><BR></P>'),
(8, 1202754807, 1, '89.148.215.54', 8, 1, '2008-02-11', 'WebTester 5.0.1 Released', '', 'В данном релизе добавлен GTK Frontend для управления ядром, исправлены ошибки, связаные с разархивированием тестов, улучшена параллельность работы системы. Так же реализована подмена окружения при запуске солюшена. Ну и как всегда добавлена гибкость, исправлены множественные некритические ошибки.', '<p><br></p>'),
(9, 1202755129, 1, '89.148.215.54', 8, 1, '2008-02-11', 'WebTester 5.0.1 Released', '', 'В данном релизе добавлен GTK Frontend для управления ядром, исправлены ошибки, связаные с разархивированием тестов, улучшена параллельность работы системы. Так же реализована подмена окружения при запуске солюшена. Ну и как всегда добавлена гибкость, исправлены множественные некритические ошибки.', '<p>В данном релизе добавлен GTK Frontend для управления ядром, исправлены ошибки, связаные с разархивированием тестов, улучшена параллельность работы системы. Так же реализована подмена окружения при запуске солюшена. Ну и как всегда добавлена гибкость, исправлены множественные некритические ошибки.<br></p><p>Исходные тексты ядра будут выложены сразу после написания документации по его установке. Полный список изменений и полный отчет о работе над ним вы сможете прочитать в прилогающемся к нему ChangeLog\'е.<br></p>'),
(10, 1242751405, 1, '89.148.215.54', 10, 1, '2009-05-19', 'WebTester Server and Client updated', '', 'Наконец-то свет увидил очередной кандидат в релизы сервер тестирования WebTester и Web-интерфейс к нему Gate. Эти релизы в основном были нацелены на исправление накопившихся ошибок, а также для приведения деревьев проектов к виду, пригодному для выкладывания в общий доступ.', '<p>Наконец-то свет увидил очередной кандидат в релизы сервер тестирования WebTester и Web-интерфейс к нему Gate. Эти релизы в основном были нацелены на исправление накопившихся ошибок, а также для приведения деревьев проектов к виду, пригодному для выкладывания в общий доступ.</p><ul><li>Множественные исправления в TestLib</li><li>Реализована возможность перекодирования тестов задач при их заливании на сервер</li><li>Реализована пересылка файлов тестов из сервера в Web-интерфейс</li><li>Реализована пересылка в Web-интерфейс выходного файла солюшена и сообщения чекера на ккаждом тесте</li><li>Базовая поддержка компилятора Java</li></ul><p>С полным списком изменений можно познакомиться <a href=\"${document-root}/resources/pub/ReleaseNotes/ReleaseNotes-5.0.3-m1.txt\">здесь</a>.<br></p>'),
(11, 1242775631, 1, '89.148.215.54', 10, 1, '2009-05-19', 'WebTester Server and Client updated', '', 'Наконец-то свет увидил очередной кандидат в релизы сервер тестирования WebTester и Web-интерфейс к нему Gate. Эти релизы в основном были нацелены на исправление накопившихся ошибок, а также для приведения деревьев проектов к виду, пригодному для выкладывания в общий доступ.', '<p>Наконец-то свет увидил очередной кандидат в релизы сервер тестирования WebTester и Web-интерфейс к нему Gate. Эти релизы в основном были нацелены на исправление накопившихся ошибок, а также для приведения деревьев проектов к виду, пригодному для выкладывания в общий доступ.</p><ul><li>Множественные исправления в TestLib</li><li>Реализована возможность перекодирования тестов задач при их заливании на сервер</li><li>Реализована пересылка файлов тестов из сервера в Web-интерфейс</li><li>Реализована пересылка в Web-интерфейс выходного файла солюшена и сообщения чекера на ккаждом тесте</li><li>Базовая поддержка компилятора Java</li></ul><p>С полным списком изменений можно познакомиться <a href=\"${document-root}/resources/pub/ReleaseNotes/ReleaseNotes-5.0.3-m1.txt\">здесь</a>.</p><p>Скачать исходники можно в разделе <a href=\"${document-root}/resources/downloads\">Dowlnloads</a>.<br></p>'),
(12, 1242775778, 1, '89.148.215.54', 10, 1, '2009-05-19', 'WebTester Server and Client updated', '', 'Наконец-то свет увидил очередной кандидат в релизы сервер тестирования WebTester и Web-интерфейс к нему Gate. Эти релизы в основном были нацелены на исправление накопившихся ошибок, а также для приведения деревьев проектов к виду, пригодному для выкладывания в общий доступ.', '<p>Наконец-то свет увидил очередной кандидат в релизы сервер тестирования WebTester 5.0.3-m1 и Web-интерфейс к нему Gate. В этих релизах было исправлено множество ошибок, добавлен новый функционал а также деревья проектов приведены к виду, пригодному для выкладывания в общий доступ.</p><p>Вот список некоторых исправлений и нововведений:<br></p><ul><li>Множественные исправления в TestLib</li><li>Реализована возможность перекодирования тестов задач при их заливании на сервер</li><li>Реализована пересылка файлов тестов из сервера в Web-интерфейс</li><li>Реализована пересылка в Web-интерфейс выходного файла солюшена и сообщения чекера на ккаждом тесте</li><li>Базовая поддержка компилятора Java</li></ul><p>С полным списком изменений можно познакомиться <a href=\"${document-root}/resources/pub/ReleaseNotes/ReleaseNotes-5.0.3-m1.txt\">здесь</a>.</p><p>Скачать исходники можно в разделе <a href=\"${document-root}/resources/downloads\">Dowlnloads</a>.<br></p>');

-- --------------------------------------------------------

--
-- Структура таблицы `content_support_5_3`
--

CREATE TABLE `content_support_5_3` (
  `id` int(11) NOT NULL,
  `timestamp` int(11) DEFAULT NULL,
  `user_id` int(11) DEFAULT NULL,
  `ip` text,
  `text` text
) ENGINE=MyISAM DEFAULT CHARSET=utf8;

--
-- Дамп данных таблицы `content_support_5_3`
--

INSERT INTO `content_support_5_3` (`id`, `timestamp`, `user_id`, `ip`, `text`) VALUES
(1, 1190179161, 1, '192.168.0.141', '<P>Ко всем более-менее крупным проектам прилагается история. Вот я и решил написать историю этой системы. Но начну, пожалуй, с небольшой предыстории. <BR></P>\r\n<P>Холодной зимой 2005-2006 года мы сидели и пили кофе в лаборантской. За этим занятием одному из моих коллег Антону Шульгину пришла в голову очередная, как тогда казалось, бредовая идея по доработке имеющегося тогда клиентской части (Web-интерфейса) тестирующей системы WebTester. Конкретно требовалось добавить возможность сортировки задач, объеденения их в группы (для упрощения поиска), и т.д. После недели споров я решил-таки сделать сию фичу и реализовал ее на файловой системе, основанной на сервере баз данных MySQL. Потом на ее основе написал сохранение мотниторов (состояний участников на определенном контесте, т.е. соревновании или олимпиаде). Подумалось - вкусная вещь, надо поглобальней ее заинтегрировать. Сказано - сделано. Не сразу конечно, но уже тогда зарождалась идея о динамическом ядре системы. Много ночей было просижено и в один прекрасный момент я сел за реализацию нового проекта из подготовленного комплекта скриптов.<BR></P>\r\n<P>Сначала я изучил внутреннюю структуру тогдашней тестирующей системы (автор - Василенко С.А.). Все, что мне в ней понравилось в ней: - простой и быстрый в реализации принцип хранения ассоциативных массивов в базе и реализация ДБФС - файловая система базы данных , которая, собственно, и взята оттуда. Этот прицип сериализации был хорош тем, что легко реализовывался как на PHP, так и на C, который изначально плохо предназначен для таких целей. Далее поразгребал основной сайт. Интересовала, в основном, библиотека виджетов - clib. Немного порылся и в форуме, но в итоге, большая часть кода писалась с нуля. Изначально статическим было только ядро vcl\'a (аналога clib\'а, в отличие от последнего являющимся набором макросов (для ускорения работы)). Все остальное было в базе. Сначала казалось, что это зорово, что это так и останется. Но... Наши надежды не оправдались - во время промежуточного тестирования выяснилось, что каждый раз прокручивается примерно 40 килобайт кода, который был раскидан по различным файлам, хранящимся в БД. Да - до страуса далековато... Добавление кэша к файловой системе не помогло - привязывать его к сессии нельзя (мало ли что бывает при параллельном редактировании - без обращения к базе все-равно не узнать), а обращений к одному файлу было очень мало (странно?). Но на самом-то деле это немного помогло, так как кэшировались идентификаторы каталогов, что ускоряло работу при обращении к потомкам этого каталога. Но все равно есть к чему стремиться. Тут в голову пришла мудрая мысль (наверное, первая за все время работы): перенести на статическую файловую систему и ядро, попутно развернув ftp-сервер или обычный windows-обменник для доступа из внешней части интернета. Переходим и... Скорость поднялась раз в 5. Как минимум. Жить, наконец-то, стало можно. Потом начались экзамены, поступления. Проект немножко приостановился.<BR></P>\r\n<P>Продолжил работу над системой с переписования основного файла стилей - и красивее стало, и стандартезированнее, и весить (занимать место на диске) стало меньше. Лепота... Но интерфейс мне, да и не только мне, честно сказать, не очень понравился. Конкретно смущала серая цветовая гамма и куча свободного места на страницах. Так как параллельно с этой системой создавался Сергеем Василенко новый школьный сайт, то мы решили сделать интерфейс тестирующей системы похожим на него (на Сегу ;)). Особенно порадовал новый логотип - стилизованная собачка (@). Во-первых, намек на принадлежность к интернету. Во-вторых, это что-то типа девятки в девятке (hyvä huomenta родная школа). Не считайте нас заядлыми символистами, но, согласитесь, в этом что-то есть... Переделали интерфейс, перерисовали иконки.. Получили вполне завершенную версию клиентской части тестирующей системы.<BR></P>\r\n<P>Но запустить его для всеобщего пользования так и не получилось. Во-первых, не была готова серверная часть тестирующей системы. Во-вторых, время идет, все развивается, потребности меняются, код постоянно улучшается.. Не то, чтобы получившийся Web-интерфейс был плохим, но можно было сделать много лучше.<BR></P>\r\n<P>Прошли очередные экзамены, и я вплотную взялся за написание серверной части системы. Основная часть кода ядра была взята из уже готовых проектов и черновиков, в том числе той Develop-версии сервера, который создавался параллельно с Web-интерфейсом. Но самая сложная в реализации часть - профилирование процессов (грубо говоря, слежение за использованием различных ресурсов) написана не была. Все осложнялось еще и тем, что никто из моих знакомых не знал, как это реализовывать, и на чем вообще базироваться. Остальной код был написан и даже отдебаган, но решение проблемы с профилированием так и не приходило. Появилось какое-то количество свободного времени, которое я занял&nbsp;переписыванием скриптов Web-интерфейса. Через некоторое время появился движок наподобие википедии. То есть велась полная история изменений страницы, настраиваемые права доступа к разделу, возможность вносить изменения в статью любым пользователям (которым такая возможность разрешена), ну и прочие вкусные вещи. Потом подумал: а почему бы и клиента тестирующей системы не перетянуть на этот движок? Ничего говорящего против этого я не нашел и работа закипела.. Ровно как закипела и работа над сервером. Как раз в это время появился следующий релиз ядра линукса, и при его конфигурировании была найдена такая вещь, как пересылка информации о процессе из окружения ядра в окружение пользователя. Эта опция имела по мимо статуса [NEW], статус [EXPERIMENTAL], но ждать, пока выйдет стабильная версия сией опции было неохота. На прочитывание пошло очередные n+t килобайт документаций, перепробовано куча вариантов, как лучше эту фичу использовать.. Но это уже было лишь вопросом времени.<BR></P>\r\n<P>Но вот сервер кое-как задышал, я немного напрягся и подвел клиента к стадии `можно тестировать. но только тестировать`. После этого потребовалось некоторое время на стабилизацию кода, устранение утечек памяти, и т.п. Работать в одном потоке тестирования он начал практически стабильно и, вроде как, без утечек памяти. Потом я уехал в лагерь, и тестировать там эту систему не представлялось возможным. Но свободного времени было довольно много, делать особо нечего, вот я и сидел и прочитывал исходные тексты сервера, исправлял опечатки, отлаживал сомнительные места, повышал читаемость кода. По возвращении домой откомпилил, немного додебагал, потом подшлифовал клиента, после чего стало можно во внутреннем круге показать это детище. Особо никто не ругался, кое-что кому-то даже понравилось, ну и решено было запускать эту систему. С серверной частью проблем особых не возникло, а вот клиент был внешне немного пустым, и эти пустоты надо чем-то закрывать. Собственно, чем я сейчас и занимаюсь. Благо движок системы позволяет делать это без особых усилий.<BR></P>\r\n<DIV style=\"TEXT-ALIGN: right\">Автор системы, С. И. Шарыбин.</DIV>'),
(2, 1191079553, 1, '89.148.243.35', '<P>Ко всем более-менее крупным проектам прилагается история. Вот я и решил написать историю этой системы. Но начну, пожалуй, с небольшой предыстории. <BR></P><P>Холодной зимой 2005-2006 года мы сидели и пили кофе в лаборантской. За этим занятием одному из моих коллег Антону Шульгину пришла в голову очередная, как тогда казалось, бредовая идея по доработке имеющегося тогда клиентской части (Web-интерфейса) тестирующей системы WebTester. Конкретно требовалось добавить возможность сортировки задач, объеденения их в группы (для упрощения поиска), и т.д. После недели споров я решил-таки сделать сию фичу и реализовал ее на файловой системе, основанной на сервере баз данных MySQL. Потом на ее основе написал сохранение мотниторов (состояний участников на определенном контесте, т.е. соревновании или олимпиаде). Подумалось - вкусная вещь, надо поглобальней ее заинтегрировать. Сказано - сделано. Не сразу конечно, но уже тогда зарождалась идея о динамическом ядре системы. Много ночей было просижено и в один прекрасный момент я сел за реализацию нового проекта из подготовленного комплекта скриптов.<BR></P><P>Сначала я изучил внутреннюю структуру тогдашней тестирующей системы (автор - Василенко С.А.). Все, что мне в ней понравилось в ней: - простой и быстрый в реализации принцип хранения ассоциативных массивов в базе и реализация ДБФС - файловая система базы данных , которая, собственно, и взята оттуда. Этот прицип сериализации был хорош тем, что легко реализовывался как на PHP, так и на C, который изначально плохо предназначен для таких целей. Далее поразгребал основной сайт. Интересовала, в основном, библиотека виджетов - clib. Немного порылся и в форуме, но в итоге, большая часть кода писалась с нуля. Изначально статическим было только ядро vcl\'a (аналога clib\'а, в отличие от последнего являющимся набором макросов (для ускорения работы)). Все остальное было в базе. Сначала казалось, что это зорово, что это так и останется. Но... Наши надежды не оправдались - во время промежуточного тестирования выяснилось, что каждый раз прокручивается примерно 40 килобайт кода, который был раскидан по различным файлам, хранящимся в БД. Да - до страуса далековато... Добавление кэша к файловой системе не помогло - привязывать его к сессии нельзя (мало ли что бывает при параллельном редактировании - без обращения к базе все-равно не узнать), а обращений к одному файлу было очень мало (странно?). Но на самом-то деле это немного помогло, так как кэшировались идентификаторы каталогов, что ускоряло работу при обращении к потомкам этого каталога. Но все равно есть к чему стремиться. Тут в голову пришла мудрая мысль (наверное, первая за все время работы): перенести на статическую файловую систему и ядро, попутно развернув ftp-сервер или обычный windows-обменник для доступа из внешней части интернета. Переходим и... Скорость поднялась раз в 5. Как минимум. Жить, наконец-то, стало можно. Потом начались экзамены, поступления. Проект немножко приостановился.<BR></P><P>Продолжил работу над системой с переписования основного файла стилей - и красивее стало, и стандартезированнее, и весить (занимать место на диске) стало меньше. Лепота... Но интерфейс мне, да и не только мне, честно сказать, не очень понравился. Конкретно смущала серая цветовая гамма и куча свободного места на страницах. Так как параллельно с этой системой создавался Сергеем Василенко новый школьный сайт, то мы решили сделать интерфейс тестирующей системы похожим на него (на Сегу ;)). Особенно порадовал новый логотип - стилизованная собачка (@). Во-первых, намек на принадлежность к интернету. Во-вторых, это что-то типа девятки в девятке (hyvä huomenta родная школа). Не считайте нас заядлыми символистами, но, согласитесь, в этом что-то есть... Переделали интерфейс, перерисовали иконки.. Получили вполне завершенную версию клиентской части тестирующей системы.<BR></P><P>Но запустить его для всеобщего пользования так и не получилось. Во-первых, не была готова серверная часть тестирующей системы. Во-вторых, время идет, все развивается, потребности меняются, код постоянно улучшается.. Не то, чтобы получившийся Web-интерфейс был плохим, но можно было сделать много лучше.<BR></P><P>Прошли очередные экзамены, и я вплотную взялся за написание серверной части системы. Основная часть кода ядра была взята из уже готовых проектов и черновиков, в том числе той Develop-версии сервера, который создавался параллельно с Web-интерфейсом. Но самая сложная в реализации часть - профилирование процессов (грубо говоря, слежение за использованием различных ресурсов) написана не была. Все осложнялось еще и тем, что никто из моих знакомых не знал, как это реализовывать, и на чем вообще базироваться. Остальной код был написан и даже отдебаган, но решение проблемы с профилированием так и не приходило. Появилось какое-то количество свободного времени, которое я занял переписыванием скриптов Web-интерфейса. Через некоторое время появился движок наподобие википедии. То есть велась полная история изменений страницы, настраиваемые права доступа к разделу, возможность вносить изменения в статью любым пользователям (которым такая возможность разрешена), ну и прочие вкусные вещи. Потом подумал: а почему бы и клиента тестирующей системы не перетянуть на этот движок? Ничего говорящего против этого я не нашел и работа закипела.. Ровно как закипела и работа над сервером. Как раз в это время появился следующий релиз ядра линукса, и при его конфигурировании была найдена такая вещь, как пересылка информации о процессе из окружения ядра в окружение пользователя. Эта опция имела по мимо статуса [NEW], статус [EXPERIMENTAL], но ждать, пока выйдет стабильная версия сией опции было неохота. На прочитывание пошло очередные n+t килобайт документаций, перепробовано куча вариантов, как лучше эту фичу использовать.. Но это уже было лишь вопросом времени.<BR></P><P>Но вот сервер кое-как задышал, я немного напрягся и подвел клиента к стадии `можно тестировать. но только тестировать`. После этого потребовалось некоторое время на стабилизацию кода, устранение утечек памяти, и т.п. Работать в одном потоке тестирования он начал практически стабильно и, вроде как, без утечек памяти. Потом я уехал в лагерь, и тестировать там эту систему не представлялось возможным. Но свободного времени было довольно много, делать особо нечего, вот я и сидел и прочитывал исходные тексты сервера, исправлял опечатки, отлаживал сомнительные места, повышал читаемость кода. По возвращении домой откомпилил, немного додебагал, потом подшлифовал клиента, после чего стало можно во внутреннем круге показать это детище. Особо никто не ругался, кое-что кому-то даже понравилось, ну и решено было запускать эту систему. С серверной частью проблем особых не возникло, а вот клиент был внешне немного пустым, и эти пустоты надо чем-то закрывать. Собственно, чем я сейчас и занимаюсь. Благо движок системы позволяет делать это без особых усилий.<BR></P><DIV STYLE=\'text-align: right\'>Автор системы, С. И. Шарыбин.</DIV>');

-- --------------------------------------------------------

--
-- Структура таблицы `content_support_6_-1`
--

CREATE TABLE `content_support_6_-1` (
  `id` int(11) NOT NULL,
  `timestamp` int(11) DEFAULT NULL,
  `user_id` int(11) DEFAULT NULL,
  `ip` text,
  `name` text,
  `dataset` int(11) DEFAULT NULL
) ENGINE=MyISAM DEFAULT CHARSET=utf8;

--
-- Дамп данных таблицы `content_support_6_-1`
--

INSERT INTO `content_support_6_-1` (`id`, `timestamp`, `user_id`, `ip`, `name`, `dataset`) VALUES
(1, 1189447576, 1, '192.168.0.127', 'Секции', 4),
(2, 1189447617, 1, '192.168.0.127', 'Вопросы', 5);

-- --------------------------------------------------------

--
-- Структура таблицы `content_support_6_4_1`
--

CREATE TABLE `content_support_6_4_1` (
  `id` int(11) NOT NULL,
  `timestamp` int(11) DEFAULT NULL,
  `user_id` int(11) DEFAULT NULL,
  `ip` text,
  `pid` int(11) DEFAULT NULL,
  `uid` int(11) DEFAULT NULL,
  `order` int(11) DEFAULT NULL,
  `title` longtext
) ENGINE=MyISAM DEFAULT CHARSET=utf8;

--
-- Дамп данных таблицы `content_support_6_4_1`
--

INSERT INTO `content_support_6_4_1` (`id`, `timestamp`, `user_id`, `ip`, `pid`, `uid`, `order`, `title`) VALUES
(1, 1190818549, 1, '192.168.0.127', -1, 1, 1, 'А что такое...?'),
(2, 1190819016, 1, '192.168.0.127', -1, 2, 2, 'Правила проведения олимпиад'),
(3, 1190896336, 1, '192.168.0.127', -1, 3, 3, 'А почему у меня такая ошибка, ведь на моем компьютере все работает...?'),
(4, 1193773905, 1, '77.43.157.137', -1, 4, 4, 'Добавление задач в систему');

-- --------------------------------------------------------

--
-- Структура таблицы `content_support_6_5_2`
--

CREATE TABLE `content_support_6_5_2` (
  `id` int(11) NOT NULL,
  `timestamp` int(11) DEFAULT NULL,
  `user_id` int(11) DEFAULT NULL,
  `ip` text,
  `pid` int(11) DEFAULT NULL,
  `uid` int(11) DEFAULT NULL,
  `order` int(11) DEFAULT NULL,
  `short` longtext,
  `full` longtext,
  `answer` text
) ENGINE=MyISAM DEFAULT CHARSET=utf8;

--
-- Дамп данных таблицы `content_support_6_5_2`
--

INSERT INTO `content_support_6_5_2` (`id`, `timestamp`, `user_id`, `ip`, `pid`, `uid`, `order`, `short`, `full`, `answer`) VALUES
(1, 1190818836, 1, '192.168.0.127', 1, 1, 1, 'Контест', '', '<p>Контест - это русский транслит английского слова contest. В нашем контексте используется для обозначения отдельного набора задач,&nbsp; подобраных по какому-либо признаку. Это может быть как олимпиада, тренировка или же просто набор учебных задач.<br></p>'),
(2, 1190818931, 1, '192.168.0.127', 1, 2, 2, 'Солюшен', '', '<p>Происходит от английского слова solution. Обозначает отправленный участником контеста на тестирование вариант решения задачи.<br></p>'),
(5, 1190821607, 1, '192.168.0.127', 1, 5, 5, 'Чекер', '', '<p>Чекер происходит от английского checker. Это программа автоматизированной проврки солюшена на определенном тесте.<br></p>'),
(6, 1190821654, 1, '192.168.0.127', 1, 6, 6, 'testlib', '', '<p>Это библиотека, на которой основана работа практически всех чекеров.<br></p>'),
(7, 1190896783, 1, '192.168.0.127', 3, 7, 7, 'Ошибка компиляции', '', '<p>Ошибка компиляции (compilcation error, CE) чаще всего происходит из-за неправильно указаного компилятора при отправке солюшена. Также может возникать из-за использования в программе модулей, которые были расценены членами жюри как запрещенные. Также советуем Вам ознакомиться с <a title=\"Тонкости работы в системе\" href=\"/articles/nicety\">этой статьёй</a>, в которой опсаны тонкости работы в этой тестирующей системе.</p><p>Если на контесте разрешен просмотр подробного статуса солюшена, то в случае ошибки компиляции Вам будет предоставлена команда компиляции и сообщения об ошибках, возвращаемые самим компилятором.<br></p>'),
(8, 1190897191, 1, '192.168.0.127', 3, 8, 8, 'Неверный формат', '', '<p>Неверный формат (presentation error, PE) возвращается в том случае, если формат выходного файла, полученного при помощи Вашего солюшена, не совпадает с тем форматом, который ожидает для себя чекер. Например, ожидается ответ `-1`, а Вы выводите `No solution`. В общем, читайте форматы входных и выходных файлов.</p><p>Если же Вы все-таки считаете, что Ваша программа не может выводить ответ не в том формате, то проверьте ключи, с которыми Вы отправляете солюшен. Довольно часто такое может быть при отключенной встроенной проверке диапазонов (range check error). По этой же причине Вам может приходить результат `Неверный ответ` (wrong answer, WA).<br></p>'),
(10, 1190897546, 1, '192.168.0.127', 3, 10, 10, 'Неверный ответ', '', '<p>Неверный ответ (wrong answer, WA) это уже почти стопроцентно Ваша ошибка. Можем лишь порекомендовать включить проверку диапазонов (range check) иже с ней. Если же на Ваш взгляд в Вашей программе все ОК, то напишите об этом членам жюри, ибо ошибки в тестах хоть и крайне редко, но допускаются.<br></p>'),
(11, 1190897702, 1, '192.168.0.127', 3, 11, 11, 'Превышен предел времени или памяти', '', '<p>Превышение предела времени или памяти (time limit error, TL и memory limit error, ML) также чаще всего происходит по вине самого участника олимпиады, вследствие неправильно выбранного алгоритма решения. Превышение предела памяти также происходит при попытке считать данные не из файла, а со стандартного потока ввода (stdin).<br></p>'),
(12, 1190897723, 1, '192.168.0.127', 3, 12, 12, 'Задача зачтена', '', '<p>Собственно, а чего Вам не хватает?<br></p>'),
(16, 1191080585, 3, '89.148.243.35', 2, 3, 3, 'Кировские правила', '', '<P>По кировским правилам проведения олимпиад решения участников оцениваются следующим образом. Каждому тесту из набора тестов к задаче ставится в соответствие определенное количество баллов. При успешном прохождении теста к решению добавляется соответсвующее количество баллов. При неправильном прохождении теста решение тестируется на следующем тесте. При прохождении всех тестов к решению приплюсовывается определенный бонус (которому никто не мешает быть нулевым). При каждой следующей попытке сдачи задачи из баллов решения вычитается штраф, вычисляемый по следующей формуле (n-1)*stamp, где n - номер попытки  а stamp - штраф за одну попытку, который оговаривается в правилах проведения конкретной олимпиады.</P><P>Чем больше быллов у участника, тем выше он находится в результирующей таблице. В случае равенства количества быллов участники делют между собой соответсвующее место.<BR></P>'),
(17, 1191080603, 3, '89.148.243.35', 2, 3, 3, 'Кировские правила', '', '<P>По кировским правилам проведения олимпиад решения участников оцениваются следующим образом. Каждому тесту из набора тестов к задаче ставится в соответствие определенное количество баллов. При успешном прохождении теста к решению добавляется соответсвующее количество баллов. При неправильном прохождении теста решение тестируется на следующем тесте. При прохождении всех тестов к решению приплюсовывается определенный бонус (никто ему не мешает быть нулевым). При каждой следующей попытке сдачи задачи из баллов решения вычитается штраф, вычисляемый по следующей формуле (n-1)*stamp, где n - номер попытки  а stamp - штраф за одну попытку, который оговаривается в правилах проведения конкретной олимпиады.</P><P>Чем больше быллов у участника, тем выше он находится в результирующей таблице. В случае равенства количества быллов участники делют между собой соответсвующее место.<BR></P>'),
(18, 1191085229, 3, '89.148.243.35', 2, 3, 3, 'Кировские правила', '', '<P>По кировским правилам проведения олимпиад решения участников оцениваются следующим образом. Каждому тесту из набора тестов к задаче ставится в соответствие определенное количество баллов. При успешном прохождении теста к решению добавляется соответствующее количество баллов. При неправильном прохождении теста решение тестируется на следующем. При прохождении всех тестов к решению приплюсовывается определенный бонус (которому никто не мешает быть нулевым). При каждой следующей попытке сдачи задачи из баллов решения вычитается штраф, вычисляемый по формуле (n–1)*stamp, где n — номер попытки  а stamp — штраф за одну попытку, который оговаривается в правилах проведения конкретной олимпиады.</P><P>Чем больше баллов у участника, тем выше он находится в таблице результатов. Участники с равным количеством баллов делят между собой соответсвующее место.<BR></P>'),
(19, 1191085511, 3, '89.148.243.35', 2, 4, 4, 'ACM-овские правила', '', '<P>По ACM-овским правилам проведения олимпиад задача может быть только либо решена полностью или не решена вовсе. Задача считается полностью выполненной, если  решение дало верный ответ на всех тестах из набора.</P><P>По этим правилам оценивается штрафное время сдачи задачи, вычисляемое следующим образом: каждая неудачная попытка дает некоторое оговорённое количество штрафных минут. При удачной сдаче задачи её штрафное время складывается из количества прошедших от начала контеста минут и всех штрафов за неудачные попытки.</P><P>Сортировка участников в таблице результатов происходит по количеству решённых задач. Если участники решили одинаковое количество задач, то лучшим считатеся тот результат, штрафное время которого меньше. Участники, у которых совпадает и количество решённых задач, и штрафное время, делят между собой соответсвующее место.</P>'),
(20, 1191085533, 3, '89.148.243.35', 2, 4, 4, 'ACM-овские правила', '', '<P>По ACM-овским правилам проведения олимпиад задача может быть только либо решена полностью, либо не решена вовсе. Задача считается полностью выполненной, если  решение дало верный ответ на всех тестах из набора.</P><P>По этим правилам оценивается штрафное время сдачи задачи, вычисляемое следующим образом: каждая неудачная попытка дает некоторое оговорённое количество штрафных минут. При удачной сдаче задачи её штрафное время складывается из количества прошедших от начала контеста минут и всех штрафов за неудачные попытки.</P><P>Сортировка участников в таблице результатов происходит по количеству решённых задач. Если участники решили одинаковое количество задач, то лучшим считатеся тот результат, штрафное время которого меньше. Участники, у которых совпадает и количество решённых задач, и штрафное время, делят между собой соответсвующее место.</P>'),
(21, 1191085668, 3, '89.148.243.35', 1, 1, 1, 'Контест', '', '<P>Контест — это транслитерация английского слова contest. В нашем случае используется для обозначения отдельного набора задач,  подобраных по какому-либо признаку. Это может быть как олимпиада или тренировка, так и просто набор учебных задач.<BR></P>'),
(22, 1191085711, 3, '89.148.243.35', 1, 2, 2, 'Солюшен', '', '<P>Русский вариант английского слова solution. Обозначает вариант решения задачи, отправленный участником контеста на тестирование.<BR></P>'),
(23, 1191085742, 3, '89.148.243.35', 1, 5, 5, 'Чекер', '', '<P>От английского checker. Это программа автоматизированной проверки солюшена на определённом тесте.<BR></P>'),
(24, 1191086231, 3, '89.148.243.35', 3, 7, 7, 'Ошибка компиляции', '', '<P>Ошибка компиляции (compilcation error, CE) чаще всего происходит из-за неправильно указаного компилятора при отправке солюшена. Также может возникать из-за использования в программе модулей, которые были расценены членами жюри как запрещённые. Также советуем Вам ознакомиться с <A title=\"Тонкости работы в системе\" href=\"/articles/nicety\">этой статьёй</A>, в которой описаны тонкости работы в этой тестирующей системе.</P><P>Если на контесте разрешён просмотр подробного статуса солюшена, то в случае ошибки компиляции Вам будет предоставлена команда компиляции и сообщения об ошибках, возвращаемые самим компилятором.<BR></P>'),
(25, 1191086371, 3, '89.148.243.35', 3, 8, 8, 'Неверный формат', '', '<P>Ошибка «Неверный формат» (presentation error, PE) возвращается в том случае, если формат выходного файла, полученного при помощи Вашего солюшена, не совпадает с тем форматом, который ожидает чекер. Например, ожидается ответ «-1», а Вы выводите «No solution». В общем, читайте форматы входных и выходных файлов.</P><P>Если же Вы всё-таки считаете, что Ваша программа не может выводить ответ не в том формате, то проверьте ключи, с которыми Вы отправляете солюшен. Довольно часто такое может быть при отключённой встроенной проверке диапазонов (range check error). По этой же причине Вам может приходить результат «Неверный ответ» (wrong answer, WA).<BR></P>'),
(26, 1191086626, 3, '89.148.243.35', 3, 10, 10, 'Неверный ответ', '', '<P>Неверный ответ (wrong answer, WA) — это уже почти стопроцентно именно ваша ошибка. Можем лишь порекомендовать включить проверку диапазонов (range check) и иже с ней. Если же, на ваш взгляд, в вашей программе всё  отлично — напишите об этом членам жюри, ибо ошибки в тестах хоть и крайне редко, но допускаются.<BR></P>'),
(27, 1191086662, 3, '89.148.243.35', 3, 11, 11, 'Превышен предел времени или памяти', '', '<P>Превышение предела времени или памяти (time limit error, TL и memory limit error, ML) также чаще всего происходит по вине самого участника олимпиады из-за неправильно выбранного алгоритма решения. Превышение предела памяти также происходит при попытке считать данные не из файла, а со стандартного потока ввода (stdin).<BR></P>'),
(28, 1191087063, 3, '89.148.243.35', 2, 3, 3, 'Кировские правила', '', '<P>По кировским правилам проведения олимпиад решения участников оцениваются следующим образом. Каждому тесту из набора тестов к задаче ставится в соответствие определенное количество баллов. При успешном прохождении теста к решению добавляется соответствующее количество баллов. При неправильном прохождении теста решение тестируется на следующем. При прохождении всех тестов к решению приплюсовывается определенный бонус (которому никто не мешает быть нулевым). При каждой следующей попытке сдачи задачи из баллов решения вычитается штраф, вычисляемый по формуле (n–1)×stamp, где n — номер попытки  а stamp — штраф за одну попытку, который оговаривается в правилах проведения конкретной олимпиады.</P><P>Чем больше баллов у участника, тем выше он находится в таблице результатов. Участники с равным количеством баллов делят между собой соответсвующее место.<BR></P>'),
(29, 1193775376, 1, '77.43.157.137', 4, 13, 13, 'Закачивание тестов на сервер', '', '<p>Для того, чтобы закачть тесты и проверяющую программу (checker, далее чекер) необходимо либо при создании новой задачи, либо при ее редактировании указать в поле `Архив с тестами` соответсвующий архив. Этот архив должен быть устроен следующим образом. Во-первых, он должен быть запакован с помощью архиватора BZip2 (.bz2), GZip (.gz), Tar (.tar), RAR (.rar), ZIP (.zip), или их композицией (например, tests.tar.bz2). Во-вторых, в корне архива должны находиться тесты и, если необходимо, проверяющая программа<br></p><p>Файлы тестов имеют следующий формат: &lt;<span style=\"font-style: italic;\">номер теста</span>&gt;.tst. Тесты нумеруются по порядку, начиная с 1. Если тестов меньше 100, то номер теста должен дополнятся ведущими нулями до двух разрдов. Если количество тестов более 100, то номер теста должен дополнятся до трех разрядов (<span style=\"font-weight: bold;\">Внимание!</span> При количестве тестов более 1000 работоспособность системы не гарантируется). Каждый тест должен сопровождаться соответсвующим файлом с ответом в формате &lt;<span style=\"font-style: italic;\">номер теста</span>&gt;.ans. Этот файл должен присутсвовать даже если он не требуется для работы чекера.</p><p>Если Вы не используете в задаче готовый чекер из системы, то архив также должен содержать исходный текст чекера и файл с инструкцией по его компилированию. Вормат этого файла следующий: &lt;<span style=\"font-style: italic;\">название конфигурационного ключа</span>&gt; &lt;<span style=\"font-style: italic;\">значение этого ключа</span>&gt;. Конфигурационных ключей может быть несколько. Обязательными являются CompilerID (идентификатор компилятора) и SourceFile (имя исходного файла чекера). Также Вы можете указать ключ CFLAGS - дополнительные ключи компилятора. Если значение ключа содержит символы, эквивалентные пробельному, то это значение должно заключаться в двойные кавычки.</p><p>Пример конфигурационного файла чекера:</p><div class=\"source\">CompilerID FPC<br>SourceFile checker.pas</div><p>Идентификатор компилятора это одно из следующих значений: GCC (GNU C Compiler), G++ (GNU C++ Compiler), FPC (Free Pascal Compiler), DCC (Delphi for Linux Compiler).<br></p>'),
(30, 1193776592, 1, '77.43.157.137', 4, 14, 14, 'Написание проверяющих программ (чекеров)', '', '<p>Для написания проверяющих программ Вам необходима библиотека testlib, которую Вы можете скачать из раздела \"<a href=\"$%7Bdocument-root%7D/resources/downloads\">Downloads</a>\". Эта библиотека претерпела небольшие внутренние изменения, но в большинстве своем ее API совпадает с API тестлиба Антона Суханова. Единственное, сильное изменение в API заключается в том, что функция ReadReal называется ReadFloat. В остальном внешнего интерфейса изменения не коснулись. Написании чекеров на Pascal или Delphi выглядит абсолютно аналогично. Но теперь Вы можете писать чекеры на C и C++.</p><p>Написание чекеров на чистом Си это занятие только для джедаев, так что я не стану его описывать. Если уж Вы решили заняться столь неблагодарным делом, то разобраться в исзодниках этой библиотеки для Вас не составит труда. При написании чекера на C++, выдолжны подключить заголовочный файл testlib++.h и реализовать единственную вункцию void Check (void), в которой и должна происходить проверка ответа участника олимпиады. В этой библиотеке также объявлены объекты inf, ouf и ans. Методы этих объектов аналогичны методам этих объектов на паскалевском тестлибе, поэтому я их описывать не буду.</p><p>Пример чекера на C++:</p><div class=\"source\">#include &lt;testlib++.h&gt;<br>void Check ()<br>{<br>&nbsp; if (ouf.ReadLongint ()!=ans.ReadLongint ())<br>&nbsp;&nbsp;&nbsp; Quit (_WA, \"Value mistmatch\");<br>&nbsp; Quit (_OK, \"OK\");<br>}<br></div><p></p>'),
(31, 1193777215, 1, '77.43.157.137', 4, 14, 14, 'Написание проверяющих программ (чекеров)', '', '<p>Для написания проверяющих программ Вам необходима библиотека testlib, которую Вы можете скачать из раздела \"<a href=\"${document-root}//resources/downloads\">Downloads</a>\". Эта библиотека претерпела небольшие внутренние изменения, но в большинстве своем ее API совпадает с API тестлиба Антона Суханова. Единственное, сильное изменение в API заключается в том, что функция ReadReal называется ReadFloat. В остальном внешнего интерфейса изменения не коснулись. Написании чекеров на Pascal или Delphi выглядит абсолютно аналогично. Но теперь Вы можете писать чекеры на C и C++.</p><p>Написание чекеров на чистом Си это занятие только для джедаев, так что я не стану его описывать. Если уж Вы решили заняться столь неблагодарным делом, то разобраться в исзодниках этой библиотеки для Вас не составит труда. При написании чекера на C++, выдолжны подключить заголовочный файл testlib++.h и реализовать единственную вункцию void Check (void), в которой и должна происходить проверка ответа участника олимпиады. В этой библиотеке также объявлены объекты inf, ouf и ans. Методы этих объектов аналогичны методам этих объектов на паскалевском тестлибе, поэтому я их описывать не буду.</p><p>Пример чекера на C++:</p><div class=\"source\">#include &lt;testlib++.h&gt;<br>void Check ()<br>{<br>&nbsp; if (ouf.ReadLongint ()!=ans.ReadLongint ())<br>&nbsp;&nbsp;&nbsp; Quit (_WA, \"Value mistmatch\");<br>&nbsp; Quit (_OK, \"OK\");<br>}<br></div><p></p>'),
(32, 1193777301, 1, '77.43.157.137', 4, 14, 14, 'Написание проверяющих программ (чекеров)', '', '<p>Для написания проверяющих программ Вам необходима библиотека testlib, которую Вы можете скачать из раздела \"<a href=\"${document-root}/resources/downloads\">Downloads</a>\". Эта библиотека претерпела небольшие внутренние изменения, но в большинстве своем ее API совпадает с API тестлиба Антона Суханова. Единственное, сильное изменение в API заключается в том, что функция ReadReal называется ReadFloat. В остальном внешнего интерфейса изменения не коснулись. Написании чекеров на Pascal или Delphi выглядит абсолютно аналогично. Но теперь Вы можете писать чекеры на C и C++.</p><p>Написание чекеров на чистом Си это занятие только для джедаев, так что я не стану его описывать. Если уж Вы решили заняться столь неблагодарным делом, то разобраться в исзодниках этой библиотеки для Вас не составит труда. При написании чекера на C++, выдолжны подключить заголовочный файл testlib++.h и реализовать единственную вункцию void Check (void), в которой и должна происходить проверка ответа участника олимпиады. В этой библиотеке также объявлены объекты inf, ouf и ans. Методы этих объектов аналогичны методам этих объектов на паскалевском тестлибе, поэтому я их описывать не буду.</p><p>Пример чекера на C++:</p><div class=\"source\">#include &lt;testlib++.h&gt;<br>void Check ()<br>{<br>&nbsp; if (ouf.ReadLongint ()!=ans.ReadLongint ())<br>&nbsp;&nbsp;&nbsp; Quit (_WA, \"Value mistmatch\");<br>&nbsp; Quit (_OK, \"OK\");<br>}<br></div><p></p>'),
(33, 1193778599, 1, '77.43.157.137', 3, 9, 9, 'Ошибка исполнения', '', '<p>Ошибка исполнения (runtime error, RE) чаще всего происходит при некорректно указанных диапазонах массивов. Например, если Вы отлаживаете свою задачу на Turbo Pascal, указывая много заниженные диапазоны, а потом отправляете на Free Pascal, но забываете при этом поправить диапазоны. Также эта ошибка может произойти при чтении данных из неверного файла (ну опечатались в имени файла, например).</p><p>Также эта ошибка может возникать, если Вы указываете ключ {$APPTYPE CONSOLE} при отправке солюшена на языке Delphi for Linux. Это внутренний баг кмпилятора, и я не знаю разрешает ли лицензия Kylix\'а исправлять сий его. В общем, пока просто не указывайте его.<br></p>'),
(34, 1194784215, 1, '77.43.157.137', 3, 9, 9, 'Ошибка исполнения', '', '<p>Ошибка исполнения (runtime error, RE) чаще всего происходит при некорректно указанных диапазонах массивов. Например, если Вы отлаживаете свою задачу на Turbo Pascal, указывая много заниженные диапазоны, а потом отправляете на Free Pascal, но забываете при этом поправить диапазоны. Также эта ошибка может произойти при чтении данных из неверного файла (ну опечатались в имени файла, например).</p><p>Также эта ошибка может возникать, если Вы указываете ключ <span class=\"source\">{$APPTYPE CONSOLE}</span> при отправке солюшена на языке Delphi for Linux. Это внутренний баг кмпилятора, и я не знаю разрешает ли лицензия Kylix\'а исправлять сий его. В общем, пока просто не указывайте его.</p><p>P.S. После проведения некоторого ряда олимпиад, выяснилось, что <span class=\"source\">{$APPTYPE CONSOLE}</span>вроде как, жить не мешает.<br>  </p>'),
(35, 1197031487, 1, '192.168.0.10', 4, 13, 13, 'Закачивание тестов на сервер', '', '<p>Для того, чтобы закачть тесты и проверяющую программу (checker, далее чекер) необходимо либо при создании новой задачи, либо при ее редактировании указать в поле `Архив с тестами` соответсвующий архив. Этот архив должен быть устроен следующим образом. Во-первых, он должен быть запакован с помощью архиватора BZip2 (.bz2), GZip (.gz), Tar (.tar), RAR (.rar), ZIP (.zip), или их композицией (например, tests.tar.bz2). Во-вторых, в корне архива должны находиться тесты и, если необходимо, проверяющая программа<br></p><p>Файлы тестов имеют следующий формат: &lt;<span style=\"font-style: italic;\">номер теста</span>&gt;.tst. Тесты нумеруются по порядку, начиная с 1. Если тестов меньше 100, то номер теста должен дополнятся ведущими нулями до двух разрдов. Если количество тестов более 100, то номер теста должен дополнятся до трех разрядов (<span style=\"font-weight: bold;\">Внимание!</span> При количестве тестов более 1000 работоспособность системы не гарантируется). Каждый тест должен сопровождаться соответсвующим файлом с ответом в формате &lt;<span style=\"font-style: italic;\">номер теста</span>&gt;.ans. Этот файл должен присутсвовать даже если он не требуется для работы чекера.</p><p>Если Вы не используете в задаче готовый чекер из системы, то архив также должен содержать исходный текст чекера и файл с инструкцией по его компилированию. Файл должен называться checker.conf (именно в таком регистре). Формат этого файла следующий: &lt;<span style=\"font-style: italic;\">название конфигурационного ключа</span>&gt; &lt;<span style=\"font-style: italic;\">значение этого ключа</span>&gt;. Конфигурационных ключей может быть несколько. Обязательными являются CompilerID (идентификатор компилятора) и SourceFile (имя исходного файла чекера). Также Вы можете указать ключ CFLAGS - дополнительные ключи компилятора. Если значение ключа содержит символы, эквивалентные пробельному, то это значение должно заключаться в двойные кавычки.</p><p>Пример конфигурационного файла чекера:</p><div class=\"source\">CompilerID FPC<br>SourceFile checker.pas</div><p>Идентификатор компилятора это одно из следующих значений: GCC (GNU C Compiler), G++ (GNU C++ Compiler), FPC (Free Pascal Compiler), DCC (Delphi for Linux Compiler).<br></p>');

-- --------------------------------------------------------

--
-- Структура таблицы `content_support_8_2`
--

CREATE TABLE `content_support_8_2` (
  `id` int(11) NOT NULL,
  `timestamp` int(11) DEFAULT NULL,
  `user_id` int(11) DEFAULT NULL,
  `ip` text,
  `uid` int(11) DEFAULT NULL,
  `order` int(11) DEFAULT NULL,
  `title` longtext,
  `text` text
) ENGINE=MyISAM DEFAULT CHARSET=utf8;

--
-- Дамп данных таблицы `content_support_8_2`
--

INSERT INTO `content_support_8_2` (`id`, `timestamp`, `user_id`, `ip`, `uid`, `order`, `title`, `text`) VALUES
(30, 1242750538, 1, '89.148.215.54', 1, 1, 'Текущие релизы', '<p>Текущие <span style=\"font-style: italic;\">тестируемые</span> релизы:</p><ul><li>WebTester Server: <span style=\"font-weight: bold;\">5.0.3-m1</span><br></li></ul><ul><li>testlib: <span style=\"font-weight: bold;\"></span><a href=\"${document-root}/resources/pub/testlib/testlib-1.0.0-RC3.tbz2\">testlib-1.0.0-RC3.tbz2</a>, <a href=\"${document-root}/resources/pub/testlib/testlib++-1.0.0-RC2.tbz2\">testlib++-1.0.0-RC2.tbz2</a> или <a href=\"${document-root}/resources/pub/testlib/testlib.pas-1.0.0-RC2.tbz2\">testlib.pas-1.0.0-RC2.tbz2</a></li><li>checker.vcproj: <span style=\"text-decoration: underline;\"></span><a href=\"${document-root}/resources/pub/testlib/checker.vcproj.zip\">checker-vcproj.zip</a><br></li></ul><p>Текущие <span style=\"font-style: italic;\">стабильные</span> релизы:</p><ul><li>WebTester Server: <span style=\"font-weight: bold;\">5.0.2</span></li><li>WebTester Server Frontend: <span style=\"font-weight: bold;\">1.0.0</span></li></ul><p style=\"margin-top: 12pt;\">WebTester Server, WebTester Server Frontend а также testlib распространяются под лицензией <a href=\"http://www.gnu.org/copyleft/gpl.html\">GNU General Public License</a>.</p><p style=\"margin-top: 12pt;\">Исходные тексты сервера тестирования WebTester и Web-интерфейса Gate доступны для скачивания через Git-репозиторий, находящийся по адресу <a href=\"http://http://nazg-gul.dyndns.org/gitweb\">http://nazg-gul.dyndns.org/gitweb</a>.</p><p style=\"margin-top: 12pt;\">Если у Вас возникнут вопросы или проблемы с установкой, связываетесь со мной по почте <a href=\"mailto:g.ulairi@gmail.com\">g.ulairi@gmail.com</a>.<br></p>'),
(2, 1192951036, 1, '77.43.142.32', 2, 2, 'Зависимости', '<p>Зависимости WebTester Server <br></p><ul><li><a href=\"ftp://ftp.gnome.org/pub/GNOME/sources/glib\">GLib</a> &gt;= 2.6.0</li><li><a href=\"ftp://ftp.gnome.org/pub/GNOME/sources/libsoup/\">libsoup</a> &gt;= 2.2.3</li><li><a href=\"http://www.pcre.org\">PCRE</a> &gt;= 6.7</li><li>Ядро должно быть скомпилировано с полной поддержкой \"task/process statistics through netlink\"<br></li></ul>'),
(3, 1192951053, 1, '77.43.142.32', 2, 2, 'Зависимости', '<p>Зависимости WebTester Server:<br></p><ul><li><a href=\"ftp://ftp.gnome.org/pub/GNOME/sources/glib\">GLib</a> &gt;= 2.6.0</li><li><a href=\"ftp://ftp.gnome.org/pub/GNOME/sources/libsoup/\">libsoup</a> &gt;= 2.2.3</li><li><a href=\"http://www.pcre.org\">PCRE</a> &gt;= 6.7</li><li>Ядро должно быть скомпилировано с полной поддержкой \"task/process statistics through netlink\"<br></li></ul>'),
(31, 1242750556, 1, '89.148.215.54', 1, 1, 'Текущие релизы', '<p>Текущие <span style=\"font-style: italic;\">тестируемые</span> релизы:</p><ul><li>WebTester Server: <span style=\"font-weight: bold;\">5.0.3-m1</span><br></li></ul><ul><li>testlib: <span style=\"font-weight: bold;\"></span><a href=\"${document-root}/resources/pub/testlib/testlib-1.0.0-RC3.tbz2\">testlib-1.0.0-RC3.tbz2</a>, <a href=\"${document-root}/resources/pub/testlib/testlib++-1.0.0-RC2.tbz2\">testlib++-1.0.0-RC2.tbz2</a> или <a href=\"${document-root}/resources/pub/testlib/testlib.pas-1.0.0-RC2.tbz2\">testlib.pas-1.0.0-RC2.tbz2</a></li><li>checker.vcproj: <span style=\"text-decoration: underline;\"></span><a href=\"${document-root}/resources/pub/testlib/checker.vcproj.zip\">checker-vcproj.zip</a><br></li></ul><p>Текущие <span style=\"font-style: italic;\">стабильные</span> релизы:</p><ul><li>WebTester Server: <span style=\"font-weight: bold;\">5.0.2</span></li><li>WebTester Server Frontend: <span style=\"font-weight: bold;\">1.0.0</span></li></ul><p style=\"margin-top: 12pt;\">WebTester Server, WebTester Server Frontend а также testlib распространяются под лицензией <a href=\"http://www.gnu.org/copyleft/gpl.html\">GNU General Public License</a>.</p><p style=\"margin-top: 12pt;\">Исходные тексты сервера тестирования WebTester и Web-интерфейса Gate доступны для скачивания через Git-репозиторий, находящийся по адресу <a href=\"http://nazg-gul.dyndns.org/gitweb\">http://nazg-gul.dyndns.org/gitweb</a>.</p><p style=\"margin-top: 12pt;\">Если у Вас возникнут вопросы или проблемы с установкой, связываетесь со мной по почте <a href=\"mailto:g.ulairi@gmail.com\">g.ulairi@gmail.com</a>.<br></p>'),
(20, 1208098063, 1, '89.148.215.54', 1, 1, 'Текущие релизы', '<p>Текущие <span style=\"font-style: italic;\">тестируемые</span> релизы:</p><ul><li>WebTester Server: <span style=\"font-weight: bold;\">5.0.2RC1</span><br></li></ul><ul><li>testlib: <span style=\"font-weight: bold;\"></span><a href=\"${document-root}/resources/pub/testlib/testlib-1.0.0-RC2.tbz2\">testlib-1.0.0-RC2.tbz2</a>, <a href=\"${document-root}/resources/pub/testlib/testlib++-1.0.0-RC1.tbz2\">testlib++-1.0.0-RC1.tbz2</a> или <a href=\"${document-root}/resources/pub/testlib/testlib.pas-1.0.0-RC1.tbz2\">testlib.pas-1.0.0-RC1.tbz2</a></li></ul><p>Текущие <span style=\"font-style: italic;\">стабильные</span> релизы:</p><ul><li>WebTester Server: <span style=\"font-weight: bold;\">5.0.1</span></li><li>WebTester Server Frontend: <span style=\"font-weight: bold;\">1.0.0</span></li></ul><p style=\"margin-top: 12pt;\">WebTester Server, WebTester Server Frontend а также testlib распространяются под лицензией <a href=\"http://www.gnu.org/copyleft/gpl.html\">GNU General Public License</a>. Исходные тексты WebTester Server не выложены лишь по причине не очень продуманной системы установки. Фактически, данная версия серверной части тестирующей системы является внутренним релизом. Если же Вы хотите получить исходный текст серверной части с целью помощи проекту или простого изучения исходных текстов, Вы можете обратиться к майнтейнеру проекта, написав ему письмо на <a href=\"mailto:sharybin@nm.ru\">sharybin@nm.ru</a>.<br></p>'),
(19, 1208098044, 1, '89.148.215.54', 1, 1, 'Текущие релизы', '<p>Текущие <span style=\"font-style: italic;\">тестируемые</span> релизы:</p><ul><li>WebTester Server: <span style=\"font-weight: bold;\">5.0.2</span><br></li></ul><ul><li>testlib: <span style=\"font-weight: bold;\"></span><a href=\"${document-root}/resources/pub/testlib/testlib-1.0.0-RC2.tbz2\">testlib-1.0.0-RC2.tbz2</a>, <a href=\"${document-root}/resources/pub/testlib/testlib++-1.0.0-RC1.tbz2\">testlib++-1.0.0-RC1.tbz2</a> или <a href=\"${document-root}/resources/pub/testlib/testlib.pas-1.0.0-RC1.tbz2\">testlib.pas-1.0.0-RC1.tbz2</a></li></ul><p>Текущие <span style=\"font-style: italic;\">стабильные</span> релизы:</p><ul><li>WebTester Server: <span style=\"font-weight: bold;\">5.0.1</span></li><li>WebTester Server Frontend: <span style=\"font-weight: bold;\">1.0.0</span></li></ul><p style=\"margin-top: 12pt;\">WebTester Server, WebTester Server Frontend а также testlib распространяются под лицензией <a href=\"http://www.gnu.org/copyleft/gpl.html\">GNU General Public License</a>. Исходные тексты WebTester Server не выложены лишь по причине не очень продуманной системы установки. Фактически, данная версия серверной части тестирующей системы является внутренним релизом. Если же Вы хотите получить исходный текст серверной части с целью помощи проекту или простого изучения исходных текстов, Вы можете обратиться к майнтейнеру проекта, написав ему письмо на <a href=\"mailto:sharybin@nm.ru\">sharybin@nm.ru</a>.<br></p>'),
(18, 1208097830, 1, '89.148.215.54', 1, 1, 'Текущие релизы', '<p>Текущие <span style=\"font-style: italic;\">тестируемые</span> релизы:<br></p><ul><li>testlib: <span style=\"font-weight: bold;\"></span><a href=\"${document-root}/resources/pub/testlib/testlib-1.0.0-RC2.tbz2\">testlib-1.0.0-RC2.tbz2</a>, <a href=\"${document-root}/resources/pub/testlib/testlib++-1.0.0-RC1.tbz2\">testlib++-1.0.0-RC1.tbz2</a> или <a href=\"${document-root}/resources/pub/testlib/testlib.pas-1.0.0-RC1.tbz2\">testlib.pas-1.0.0-RC1.tbz2</a></li></ul><p>Текущие <span style=\"font-style: italic;\">стабильные</span> релизы:</p><ul><li>WebTester Server: <span style=\"font-weight: bold;\">5.0.1</span></li><li>WebTester Server Frontend: <span style=\"font-weight: bold;\">1.0.0</span></li></ul><p style=\"margin-top: 12pt;\">WebTester Server, WebTester Server Frontend а также testlib распространяются под лицензией <a href=\"http://www.gnu.org/copyleft/gpl.html\">GNU General Public License</a>. Исходные тексты WebTester Server не выложены лишь по причине не очень продуманной системы установки. Фактически, данная версия серверной части тестирующей системы является внутренним релизом. Если же Вы хотите получить исходный текст серверной части с целью помощи проекту или простого изучения исходных текстов, Вы можете обратиться к майнтейнеру проекта, написав ему письмо на <a href=\"mailto:sharybin@nm.ru\">sharybin@nm.ru</a>.<br></p>'),
(17, 1202754990, 1, '89.148.215.54', 1, 1, 'Текущие релизы', '<p>Текущие <span style=\"font-style: italic;\">тестируемые</span> релизы:<br></p><ul><li>testlib: <span style=\"font-weight: bold;\"></span><a href=\"${document-root}/resources/pub/testlib/testlib-1.0.0-RC2.tbz2\">testlib-1.0.0-RC2.tbz2</a>, <a href=\"${document-root}/resources/pub/testlib/testlib++-1.0.0-RC1.tbz2\">testlib++-1.0.0-RC1.tbz2</a> или <a href=\"${document-root}/resources/pub/testlib/testlib.pas-1.0.0-RC1.tbz2\">testlib.pas-1.0.0-RC1.tbz2</a></li></ul><p>Текущие <span style=\"font-style: italic;\">стабильные</span> релизы:</p><ul><li>WebTester Server: <span style=\"font-weight: bold;\">5.0.1</span></li><li>WebTester Server Frontend: <span style=\"font-weight: bold;\">1.0.0</span></li></ul><p style=\"margin-top: 12pt;\">WebTester Server, WebTester Server Frontend а также testlib распространяются под лицензией <a href=\"http://www.gnu.org/copyleft/gpl.html\">GNU General Public License</a>. Исходные тексты WebTester Server не выложены лишь по причине не очень продуманной системы установки. Фактически, данная версия серверной части тестирующей системы является внутренним релизм. Если же Вы хотите получить исходный текст серверной части с целью помощи проекту или простого изучения исходных текстов, Вы можете обратиться к майнтейнеру проекта, написав ему письмо на <a href=\"mailto:sharybin@nm.ru\">sharybin@nm.ru</a>.<br></p>'),
(15, 1199218358, 1, '77.43.154.48', 2, 2, 'Зависимости', '<p>Зависимости WebTester Server:<br></p><ul><li><a href=\"ftp://ftp.gnome.org/pub/GNOME/sources/glib\">GLib</a> &gt;= 2.6.0</li><li><a href=\"ftp://ftp.gnome.org/pub/GNOME/sources/libsoup/\">libsoup</a> &gt;= 2.2.3</li><li><a href=\"http://www.pcre.org\">PCRE</a> &gt;= 6.7</li><li>Исходные тексты ядра<br></li><li>Ядро должно быть скомпилировано с полной поддержкой \"task/process statistics through netlink\"<br></li></ul>'),
(16, 1199218410, 1, '77.43.154.48', 1, 1, 'Текущие релизы', '<p>Текушие пакеты, находяшиеся в стадии разработки:</p><ul><li>WebTester Server: <span style=\"font-weight: bold;\">5.0.1-RC1</span></li><li>WebTester Server Frontend: <span style=\"font-weight: bold;\">1.0.0-RC1<br></span></li></ul><p>Текущие <span style=\"font-style: italic;\">тестируемые</span> релизы:<br></p><ul><li>testlib: <span style=\"font-weight: bold;\"></span><a href=\"${document-root}/resources/pub/testlib/testlib-1.0.0-RC2.tbz2\">testlib-1.0.0-RC2.tbz2</a>, <a href=\"${document-root}/resources/pub/testlib/testlib++-1.0.0-RC1.tbz2\">testlib++-1.0.0-RC1.tbz2</a> или <a href=\"${document-root}/resources/pub/testlib/testlib.pas-1.0.0-RC1.tbz2\">testlib.pas-1.0.0-RC1.tbz2</a></li></ul><p>Текущие <span style=\"font-style: italic;\">стабильные</span> релизы:</p><ul><li>WebTester Server: <span style=\"font-weight: bold;\">5.0.0-2</span><br></li></ul><p style=\"margin-top: 12pt;\">WebTester Server, WebTester Server Frontend а также testlib распространяются под лицензией <a href=\"http://www.gnu.org/copyleft/gpl.html\">GNU General Public License</a>. Исходные тексты WebTester Server не выложены лишь по причине не очень продуманной системы установки. Фактически, данная версия серверной части тестирующей системы является внутренним релизм. Если же Вы хотите получить исходный текст серверной части с целью помощи проекту или простого изучения исходных текстов, Вы можете обратиться к майнтейнеру проекта, написав ему письмо на <a href=\"mailto:sharybin@nm.ru\">sharybin@nm.ru</a>.<br></p>'),
(11, 1194457612, 1, '77.43.157.137', 1, 1, 'Текущие релизы', '<p>Текущие <span style=\"font-style: italic;\">тестируемые</span> релизы:<br></p><ul><li>WebTester Server Frontend: <span style=\"font-weight: bold;\">еще не готов</span></li><li>testlib: <span style=\"font-weight: bold;\">1.0.0-RC1</span> <a href=\"${document-root}/resources/pub/testlib/testlib-1.0.0-RC2.tbz2\">testlib-1.0.0-RC2.tbz2</a>, <a href=\"${document-root}/resources/pub/testlib/testlib++-1.0.0-RC1.tbz2\">testlib++-1.0.0-RC1.tbz2</a> или <a href=\"${document-root}/resources/pub/testlib/testlib.pas-1.0.0-RC1.tbz2\">testlib.pas-1.0.0-RC1.tbz2</a></li></ul><p>Текущие <span style=\"font-style: italic;\">стабильные</span> релизы:</p><ul><li>WebTester Server <span style=\"font-weight: bold;\">5.0.0-1</span><br></li></ul><p style=\"margin-top: 12pt;\">WebTester Server, WebTester Server Frontend а также testlib распространяются под лицензией <a href=\"http://www.gnu.org/copyleft/gpl.html\">GNU General Public License</a>. Исходные тексты WebTester Server не выложены лишь по причине не очень продуманной системы установки. Фактически, данная версия серверной части тестирующей системы является внутренним релизм. Если же Вы хотите получить исходный текст серверной части с целью помощи проекту или простого изучения исходных текстов, Вы можете обратиться к майнтейнеру проекта, написав ему письмо на <a href=\"mailto:sharybin@nm.ru\">sharybin@nm.ru</a>.<br></p>'),
(12, 1194782633, 1, '77.43.157.137', 1, 1, 'Текущие релизы', '<p>Текушие пакеты, находяшиеся в стадии разработки:</p><ul><li>WebTester Server: <span style=\"font-weight: bold;\">5.0.1</span></li><li>WebTester Server Frontend: <span style=\"font-weight: bold;\">1.0.0<br></span></li></ul><p>Текущие <span style=\"font-style: italic;\">тестируемые</span> релизы:<br></p><ul><li>testlib: <span style=\"font-weight: bold;\">1.0.0-RC1</span> <a href=\"${document-root}/resources/pub/testlib/testlib-1.0.0-RC2.tbz2\">testlib-1.0.0-RC2.tbz2</a>, <a href=\"${document-root}/resources/pub/testlib/testlib++-1.0.0-RC1.tbz2\">testlib++-1.0.0-RC1.tbz2</a> или <a href=\"${document-root}/resources/pub/testlib/testlib.pas-1.0.0-RC1.tbz2\">testlib.pas-1.0.0-RC1.tbz2</a></li></ul><p>Текущие <span style=\"font-style: italic;\">стабильные</span> релизы:</p><ul><li>WebTester Server: <span style=\"font-weight: bold;\">5.0.0-1</span><br></li></ul><p style=\"margin-top: 12pt;\">WebTester Server, WebTester Server Frontend а также testlib распространяются под лицензией <a href=\"http://www.gnu.org/copyleft/gpl.html\">GNU General Public License</a>. Исходные тексты WebTester Server не выложены лишь по причине не очень продуманной системы установки. Фактически, данная версия серверной части тестирующей системы является внутренним релизм. Если же Вы хотите получить исходный текст серверной части с целью помощи проекту или простого изучения исходных текстов, Вы можете обратиться к майнтейнеру проекта, написав ему письмо на <a href=\"mailto:sharybin@nm.ru\">sharybin@nm.ru</a>.<br></p>'),
(13, 1198707755, 1, '77.43.154.48', 1, 1, 'Текущие релизы', '<p>Текушие пакеты, находяшиеся в стадии разработки:</p><ul><li>WebTester Server: <span style=\"font-weight: bold;\">5.0.1</span></li><li>WebTester Server Frontend: <span style=\"font-weight: bold;\">1.0.0<br></span></li></ul><p>Текущие <span style=\"font-style: italic;\">тестируемые</span> релизы:<br></p><ul><li>testlib: <span style=\"font-weight: bold;\">1.0.0-RC1</span> <a href=\"${document-root}/resources/pub/testlib/testlib-1.0.0-RC2.tbz2\">testlib-1.0.0-RC2.tbz2</a>, <a href=\"${document-root}/resources/pub/testlib/testlib++-1.0.0-RC1.tbz2\">testlib++-1.0.0-RC1.tbz2</a> или <a href=\"${document-root}/resources/pub/testlib/testlib.pas-1.0.0-RC1.tbz2\">testlib.pas-1.0.0-RC1.tbz2</a></li></ul><p>Текущие <span style=\"font-style: italic;\">стабильные</span> релизы:</p><ul><li>WebTester Server: <span style=\"font-weight: bold;\">5.0.0-2</span><br></li></ul><p style=\"margin-top: 12pt;\">WebTester Server, WebTester Server Frontend а также testlib распространяются под лицензией <a href=\"http://www.gnu.org/copyleft/gpl.html\">GNU General Public License</a>. Исходные тексты WebTester Server не выложены лишь по причине не очень продуманной системы установки. Фактически, данная версия серверной части тестирующей системы является внутренним релизм. Если же Вы хотите получить исходный текст серверной части с целью помощи проекту или простого изучения исходных текстов, Вы можете обратиться к майнтейнеру проекта, написав ему письмо на <a href=\"mailto:sharybin@nm.ru\">sharybin@nm.ru</a>.<br></p>'),
(14, 1199218025, 1, '77.43.154.48', 1, 1, 'Текущие релизы', '<p>Текушие пакеты, находяшиеся в стадии разработки:</p><ul><li>WebTester Server: <span style=\"font-weight: bold;\">5.0.1-RC1</span></li><li>WebTester Server Frontend: <span style=\"font-weight: bold;\">1.0.0-RC1<br></span></li></ul><p>Текущие <span style=\"font-style: italic;\">тестируемые</span> релизы:<br></p><ul><li>testlib: <span style=\"font-weight: bold;\">1.0.0-RC1</span> <a href=\"${document-root}/resources/pub/testlib/testlib-1.0.0-RC2.tbz2\">testlib-1.0.0-RC2.tbz2</a>, <a href=\"${document-root}/resources/pub/testlib/testlib++-1.0.0-RC1.tbz2\">testlib++-1.0.0-RC1.tbz2</a> или <a href=\"${document-root}/resources/pub/testlib/testlib.pas-1.0.0-RC1.tbz2\">testlib.pas-1.0.0-RC1.tbz2</a></li></ul><p>Текущие <span style=\"font-style: italic;\">стабильные</span> релизы:</p><ul><li>WebTester Server: <span style=\"font-weight: bold;\">5.0.0-2</span><br></li></ul><p style=\"margin-top: 12pt;\">WebTester Server, WebTester Server Frontend а также testlib распространяются под лицензией <a href=\"http://www.gnu.org/copyleft/gpl.html\">GNU General Public License</a>. Исходные тексты WebTester Server не выложены лишь по причине не очень продуманной системы установки. Фактически, данная версия серверной части тестирующей системы является внутренним релизм. Если же Вы хотите получить исходный текст серверной части с целью помощи проекту или простого изучения исходных текстов, Вы можете обратиться к майнтейнеру проекта, написав ему письмо на <a href=\"mailto:sharybin@nm.ru\">sharybin@nm.ru</a>.<br></p>'),
(32, 1242750837, 1, '89.148.215.54', 1, 1, 'Текущие релизы', '<p>Текущие <span style=\"font-style: italic;\">тестируемые</span> релизы:</p><ul><li>WebTester Server: <span style=\"font-weight: bold;\">5.0.3-m1</span><br></li></ul><ul><li>testlib: <span style=\"font-weight: bold;\"></span><a href=\"${document-root}/resources/pub/testlib/testlib-1.0.0-RC3.tbz2\">testlib-1.0.0-RC3.tbz2</a>, <a href=\"${document-root}/resources/pub/testlib/testlib++-1.0.0-RC2.tbz2\">testlib++-1.0.0-RC2.tbz2</a> или <a href=\"${document-root}/resources/pub/testlib/testlib.pas-1.0.0-RC2.tbz2\">testlib.pas-1.0.0-RC2.tbz2</a></li><li>checker.vcproj: <span style=\"text-decoration: underline;\"></span><a href=\"${document-root}/resources/pub/testlib/checker.vcproj.zip\">checker-vcproj.zip</a><br></li></ul><p>Текущие <span style=\"font-style: italic;\">стабильные</span> релизы:</p><ul><li>WebTester Server: <span style=\"font-weight: bold;\">5.0.2</span></li><li>WebTester Server Frontend: <span style=\"font-weight: bold;\">1.0.0</span></li></ul><p style=\"margin-top: 12pt;\">WebTester Server, WebTester Server Frontend а также testlib распространяются под лицензией <a href=\"http://www.gnu.org/copyleft/gpl.html\">GNU General Public License</a>.</p><p style=\"margin-top: 12pt;\">Исходные тексты сервера тестирования WebTester и Web-интерфейса Gate доступны для скачивания через Git-репозиторий, находящийся по адресу <a href=\"http://nazg-gul.dyndns.org/gitweb\">http://nazg-gul.dyndns.org/gitweb</a>. Снапшоты Web-интерфейса пока не производятся.<br></p><p style=\"margin-top: 12pt;\">Если у Вас возникнут вопросы или проблемы с установкой, связываетесь со мной по почте <a href=\"mailto:g.ulairi@gmail.com\">g.ulairi@gmail.com</a>. Все ваши пожелания можете также писать на этот электроящик.<br></p>'),
(29, 1242750286, 1, '89.148.215.54', 1, 1, 'Текущие релизы', '<p>Текущие <span style=\"font-style: italic;\">тестируемые</span> релизы:</p><ul><li>WebTester Server: <span style=\"font-weight: bold;\">5.0.3-m1</span><br></li></ul><ul><li>testlib: <span style=\"font-weight: bold;\"></span><a href=\"${document-root}/resources/pub/testlib/testlib-1.0.0-RC3.tbz2\">testlib-1.0.0-RC3.tbz2</a>, <a href=\"${document-root}/resources/pub/testlib/testlib++-1.0.0-RC2.tbz2\">testlib++-1.0.0-RC2.tbz2</a> или <a href=\"${document-root}/resources/pub/testlib/testlib.pas-1.0.0-RC2.tbz2\">testlib.pas-1.0.0-RC2.tbz2</a></li><li>checker.vcproj: <span style=\"text-decoration: underline;\"></span><a href=\"${document-root}/resources/pub/testlib/checker.vcproj.zip\">checker-vcproj.zip</a><br></li></ul><p>Текущие <span style=\"font-style: italic;\">стабильные</span> релизы:</p><ul><li>WebTester Server: <span style=\"font-weight: bold;\">5.0.2</span></li><li>WebTester Server Frontend: <span style=\"font-weight: bold;\">1.0.0</span></li></ul><p style=\"margin-top: 12pt;\">WebTester Server, WebTester Server Frontend а также testlib распространяются под лицензией <a href=\"http://www.gnu.org/copyleft/gpl.html\">GNU General Public License</a>. Исходные тексты WebTester Server не выложены лишь по причине не очень продуманной системы установки. Фактически, данная версия серверной части тестирующей системы является внутренним релизом. Если же Вы хотите получить исходный текст серверной части с целью помощи проекту или простого изучения исходных текстов, Вы можете обратиться к майнтейнеру проекта, написав ему письмо на <a href=\"mailto:sharybin@nm.ru\">sharybin@gmail.com</a>.<br></p>'),
(33, 1267202385, 52, '89.148.215.54', 1, 1, 'Текущие релизы', '<p>Текущие <span style=\"font-style: italic;\">тестируемые</span> релизы:</p><ul><li>WebTester Server: <span style=\"font-weight: bold;\">5.0.3-m1</span><br></li></ul><ul><li>testlib: <span style=\"font-weight: bold;\"></span><a href=\"${document-root}/resources/pub/testlib/testlib-1.0.0-RC4.tar.bz2\">testlib-1.0.0-RC4.tar.bz2</a>, <a href=\"${document-root}/resources/pub/testlib/testlib++-1.0.0-RC3.tar.bz2\">testlib++-1.0.0-RC3.tar.bz2</a> или <a href=\"${document-root}/resources/pub/testlib/testlib.pas-1.0.0-RC3.tar.bz2\">testlib.pas-1.0.0-RC3.tar.bz2</a></li><li>checker.vcproj: <span style=\"text-decoration: underline;\"></span><a href=\"${document-root}/resources/pub/testlib/checker.vcproj.zip\">checker-vcproj.zip</a><br></li></ul><p>Текущие <span style=\"font-style: italic;\">стабильные</span> релизы:</p><ul><li>WebTester Server: <span style=\"font-weight: bold;\">5.0.2</span></li><li>WebTester Server Frontend: <span style=\"font-weight: bold;\">1.0.0</span></li></ul><p style=\"margin-top: 12pt;\">WebTester Server, WebTester Server Frontend а также testlib распространяются под лицензией <a href=\"http://www.gnu.org/copyleft/gpl.html\">GNU General Public License</a>.</p><p style=\"margin-top: 12pt;\">Исходные тексты сервера тестирования WebTester и Web-интерфейса Gate доступны для скачивания через Git-репозиторий, находящийся по адресу <a href=\"http://nazg-gul.dyndns.org/gitweb\">http://nazg-gul.dyndns.org/gitweb</a>. Снапшоты Web-интерфейса пока не производятся.<br></p><p style=\"margin-top: 12pt;\">Если у Вас возникнут вопросы или проблемы с установкой, связываетесь со мной по почте <a href=\"mailto:g.ulairi@gmail.com\">g.ulairi@gmail.com</a>. Все ваши пожелания можете также писать на этот электроящик.<br></p>');

-- --------------------------------------------------------

--
-- Структура таблицы `content_support_10_3`
--

CREATE TABLE `content_support_10_3` (
  `id` int(11) NOT NULL,
  `timestamp` int(11) DEFAULT NULL,
  `user_id` int(11) DEFAULT NULL,
  `ip` text,
  `text` text
) ENGINE=MyISAM DEFAULT CHARSET=utf8;

--
-- Дамп данных таблицы `content_support_10_3`
--

INSERT INTO `content_support_10_3` (`id`, `timestamp`, `user_id`, `ip`, `text`) VALUES
(1, 1194783459, 1, '77.43.157.137', '<p>В связи с тем, что тестирование проходит на базе операчионной системы Linux, хотелось бы описать основные тонкости написания солюшена для сдачи в этой тестирующей системы.</p><p>Во-первых, система критична к ргистру символов в именах файлов. Так что открывать файлы для чтения и записи необходимо именно с теми именами, которые указаны в электронной версии условий. Здесь же хочется отметить тот факт, что названия юнитов в Delphi и FPC тоже необходимо указывать в том формате, в котором эти юниты хранятся на сервере. Основные для Delphi это юниты SysUtils, Math, StrUtils (более полный список юнитов в том формате, в котором их следует писать, я приведу нескольско позже).<br></p><p>Так же есть неподтвержденный баг с директивой {$APPTYPE CONSOLE} при сдаче на Delphi. Во время дебага компилятора, он мне постоянно выдавал Runtime Error, и стоило только убрать эту директиву, сразу же возвращался Accepted. Но, как я смотрю, народ об этом не знал и все парадоксальным случаем работает. В общем, если вдруг у Вас появится RE по непонятной причине, попробуйте убрать вышеуказанную директиву.<br></p>'),
(2, 1194783829, 1, '77.43.157.137', '<p>В связи с тем, что тестирование проходит на базе операчионной системы Linux, хотелось бы описать основные тонкости написания солюшена для сдачи в этой тестирующей системы.</p><p>Во-первых, система критична к ргистру символов в именах файлов. Так что открывать файлы для чтения и записи необходимо именно с теми именами, которые указаны в электронной версии условий. Здесь же хочется отметить тот факт, что названия юнитов в Delphi и FPC тоже необходимо указывать в том формате, в котором эти юниты хранятся на сервере. Основные для Delphi это юниты SysUtils, Math, StrUtils (более полный список юнитов в том формате, в котором их следует писать, я приведу нескольско позже).<br></p><p>Так же есть неподтвержденный баг с директивой <span class=\"source\">{$APPTYPE CONSOLE}</span> при сдаче на Delphi. Во время дебага компилятора, он мне постоянно выдавал Runtime Error, и стоило только убрать эту директиву, сразу же возвращался Accepted. Но, как я смотрю, народ об этом не знал и все парадоксальным случаем работает. В общем, если вдруг у Вас появится RE по непонятной причине, попробуйте убрать вышеуказанную директиву.<br></p>');

-- --------------------------------------------------------

--
-- Структура таблицы `content_support_11_3`
--

CREATE TABLE `content_support_11_3` (
  `id` int(11) NOT NULL,
  `timestamp` int(11) DEFAULT NULL,
  `user_id` int(11) DEFAULT NULL,
  `ip` text,
  `text` text
) ENGINE=MyISAM DEFAULT CHARSET=utf8;

--
-- Дамп данных таблицы `content_support_11_3`
--

INSERT INTO `content_support_11_3` (`id`, `timestamp`, `user_id`, `ip`, `text`) VALUES
(1, 1201408193, 1, '192.168.0.10', '<p>Майнтэйнер проекта:</p><ul><li>Сергей Шарыбин &lt;sharybin [at] nm [dot] ru&gt;</li></ul>\n<p>Администрация сайта:</p><ul><li>&lt;sch9 [at] pstu [dot] ru&gt;</li></ul>\n<br>\n<p><span style=\"font-weight: bold;\">Примечание:</span> Так как данный раздел доступен любому пользователю, адреса электронной почты не даны в явном виде (скажи нет спам-ботам!). Для получения реального адреса электронной почты [at] необходимо заменить на @, а [dot] на точку, а также выкинуть пробелы перед и после скобок.<br></p>'),
(2, 1201408418, 1, '192.168.0.10', '<p>Майнтэйнер проекта:</p><ul><li>Сергей Шарыбин<br>E-Mail: sharybin [at] nm [dot] ru, nazgul [at] school9 [dot] perm [dot] ru<br>Jabber: nazgul@jabber.perm.ru<br></li></ul>\r\n<p>Администрация сайта:</p><ul><li>E-Mail: sch9 [at] pstu [dot] ru</li></ul>\r\n<br>\r\n<p><span style=\"font-weight: bold;\">Примечание:</span> Так как данный раздел доступен любому пользователю, адреса электронной почты не даны в явном виде (скажи нет спам-ботам!). Для получения реального адреса электронной почты [at] необходимо заменить на @, а [dot] на точку, а также выкинуть пробелы перед и после скобок.<br></p>'),
(3, 1259406077, 1, '192.168.0.10', '<p>Майнтэйнер проекта:</p><ul><li>Сергей Шарыбин<br>E-Mail: g.ulairi [at] gmail [dot] com<br>Jabber: nazg-gul@jabber.ru<br></li></ul>\r\n<p>Администрация сайта:</p><ul><li>E-Mail: sch9 [at] pstu [dot] ru</li></ul>\r\n<br>\r\n<p><span style=\"font-weight: bold;\">Примечание:</span> Так как данный раздел доступен любому пользователю, адреса электронной почты не даны в явном виде (скажи нет спам-ботам!). Для получения реального адреса электронной почты [at] необходимо заменить на @, а [dot] на точку, а также выкинуть пробелы перед и после скобок.<br></p>');

-- --------------------------------------------------------

--
-- Структура таблицы `content_support_12_3`
--

CREATE TABLE `content_support_12_3` (
  `id` int(11) NOT NULL,
  `timestamp` int(11) DEFAULT NULL,
  `user_id` int(11) DEFAULT NULL,
  `ip` text,
  `text` text
) ENGINE=MyISAM DEFAULT CHARSET=utf8;

--
-- Дамп данных таблицы `content_support_12_3`
--

INSERT INTO `content_support_12_3` (`id`, `timestamp`, `user_id`, `ip`, `text`) VALUES
(1, 1202756257, 1, '89.148.215.54', '<h3 style=\"text-align: justify;\">Правила использования системы проведения он-лайн олимпиад \"GATE\"</h3><ol style=\"text-align: justify;\"><li>Ваша регистрация означает Ваше согласие с нижеперечисленными правилами</li><li>Для регистрации Вам необходимо ввести код с картинки. Так же Вам необходимо указать Ваш реальный e-mail. По нему Вам будет выслано письмо с инструкциями по активации аккаунта. Если Вы не активируете аккаунт в течении трех дней после его создания, он будет удален.</li><li>Если Вы не пользуетесь системой больше 365 дней, Ваш аккаунт&nbsp; удаляется.</li><li>При наличии у Вас доступа к редактированию разделов Wiki Вы обязаны:</li><ul><li>Соблюдать действующее законадальство РФ. В частности, запрещены оскорбления, угрозы в адрес кого-либо, размещение коммерческой рекламы, порнография, распространение нелицензионного софта, использование ненормативной лексики,&nbsp; призывы к различным противоправным действиям, и пр.</li><li>Соблюдать тематику раздела.</li><li>При нурушении вышеперечисленных пунктов Ваши исправления будут аннулированы. При грубых или повторных<br>нарушениях этих пунктов Ваш аакаунт будет удален из системы.</li></ul></ol><h3 style=\"text-align: justify;\">Правила участия в контестах</h3><ol style=\"text-align: justify;\"><li>При обнаружении решений, предназначенных для нарушения работоспособности системы, или решений, пытающихся осуществить подобное воздействие, жюри олимпиады оставляет за собой право дисквалифицировать участника из контеста. В случае грубых или повторных нарушений этого правила администрация системы оставляет за собой право приравнять эти действия к DoS атаке и сообщить об этом инциделте в правоохранительные органы.</li><li>В случае отправки чужого решения или же решения, базирующегося на чужом коде (за исключением случаев, омобо оговоренных в правилах проведения конкретного контеста) жюри олимпиады аннулирует попытку. В случае повторных нарушений данного правила пользователь может быть удален из системы.</li><li>За использование справочных метериалов во время проведении контеста участник или команда<br>дисквалифицируется (если иное особо не оговорено правилами проведения конкретного контеста).</li><li>Жюри контеста оставляет за собой право ознакомления с исходным кодом участника и изменения количества баллов, набранных им за задачу.</li><li>Жюри контеста оставляет за собой право повторной проверки решений. В случае набора одним и тем же решением разного колическтва баллов на одном и том же наборе тестов, жюри олимпиады выбирает худший из показанных результатов.<br></li></ol>');

-- --------------------------------------------------------

--
-- Структура таблицы `content_support_13_3`
--

CREATE TABLE `content_support_13_3` (
  `id` int(11) NOT NULL,
  `timestamp` int(11) DEFAULT NULL,
  `user_id` int(11) DEFAULT NULL,
  `ip` text,
  `text` text
) ENGINE=MyISAM DEFAULT CHARSET=utf8;

--
-- Дамп данных таблицы `content_support_13_3`
--

INSERT INTO `content_support_13_3` (`id`, `timestamp`, `user_id`, `ip`, `text`) VALUES
(4169, 1383791109, -1, '192.168.2.2', ''),
(4170, 1383792082, -1, '192.168.2.2', '<font size=\"2\"><p>Ура! Теперь на Gate доступен ряд открытых тренировочных контестов. Участвовать могут все желающие, для этого необходимо зарегистрироваться в тестирующей системе (<a href=\"${document-root}/storage/image/data_0002.jpg\">инструкция</a>).</p><p>Если вы уже зарегистрированы на Gate, достаточно зайти под своим логином и нажать на ссылку ниже, после этого все тренировочные контесты станут доступны.</p></font><h2><p><a href=\"enter.php\">Принять участие</a></p></h2><hr><h2><p>Новости тренировок:</p></h2><h3><p>18 октября 2013 15:24</p></h3><font size=\"2\"><p>Открыты первые тренировочные контесты - \"Контест для слабаков Div 1\", \"Контест для слабаков Div 2\". Там вы найдете задачи на разные темы, контест Div 2 состоит из задач попроще, Div 1 - посложнее. По мере решения имеющихся задач будут добавляться новые.</p></font>'),
(4196, 1383802177, 2, '192.168.2.2', '<p>Ура! Теперь на Gate доступен ряд открытых тренировочных контестов. Участвовать могут все желающие, для этого необходимо зарегистрироваться в тестирующей системе (<a href=\"${document-root}/storage/image/data_0002.jpg\">инструкция</a>).</p><p>Если вы уже зарегистрированы на Gate, достаточно зайти под своим логином и нажать на ссылку ниже, после этого все тренировочные контесты станут доступны.</p><h2><p><a href=\"enter.php\">Принять участие</a></p><p><br></p></h2><hr><h2><p>Новости тренировок:</p></h2><h4><p>18 октября 2013 15:24</p></h4><p>Открыты первые тренировочные контесты - \"Контест для слабаков Div 1\", \"Контест для слабаков Div 2\". Там вы найдете задачи на разные темы, контест Div 2 состоит из задач попроще, Div 1 - посложнее. По мере решения имеющихся задач будут добавляться новые.</p>'),
(4188, 1383798715, -1, '192.168.2.2', '<p>Ура! Теперь на Gate доступен ряд открытых тренировочных контестов. Участвовать могут все желающие, для этого необходимо зарегистрироваться в тестирующей системе (подробная инструкция).</p><h3><p><a href=\"enter.php\">Принять участие</a></p></h3><h3><p><br></p><p>Новости тренировок:</p></h3><h4><p><br></p><p>18 октября 2013 15:24</p></h4><p>Открыты первые тренировочные контесты - \"Контест для слабаков Div 1\", \"Контест для слабаков Div 2\". Там вы найдете задачи на разные темы, контест Div 2 состоит из задач попроще, Div 1 - посложнее. По мере решения имеющихся задач будут добавляться новые.</p>'),
(4177, 1383793340, -1, '192.168.2.2', '<p>Ура! Теперь на Gate доступен ряд открытых тренировочных контестов. Участвовать могут все желающие, для этого необходимо зарегистрироваться в тестирующей системе (<a href=\"${document-root}/storage/image/data_0002.jpg\">инструкция</a>).</p><p>Если вы уже зарегистрированы на Gate, достаточно зайти под своим логином и нажать на ссылку ниже, после этого все тренировочные контесты станут доступны.</p><h2><p><a href=\"enter.php\">Принять участие</a></p><p><br></p></h2><hr><h3><p>Новости тренировок:</p></h3><h4><p>18 октября 2013 15:24</p></h4><p>Открыты первые тренировочные контесты - \"Контест для слабаков Div 1\", \"Контест для слабаков Div 2\". Там вы найдете задачи на разные темы, контест Div 2 состоит из задач попроще, Div 1 - посложнее. По мере решения имеющихся задач будут добавляться новые.</p>'),
(4161, 1383788475, -1, '192.168.2.2', ''),
(4192, 1383799898, -1, '192.168.2.2', ''),
(4187, 1383798642, -1, '192.168.2.2', '<p>Ура! Теперь на Gate доступен ряд открытых тренировочных контестов. Участвовать могут все желающие, для этого необходимо зарегистрироваться в тестирующей системе (подробная инструкция).</p><h2><p><a href=\"enter.php\">Принять участие</a></p></h2><h3><p><br></p><p>Новости тренировок:</p></h3><h4><p><br></p><p>18 октября 2013 15:24</p></h4><p>Открыты первые тренировочные контесты - \"Контест для слабаков Div 1\", \"Контест для слабаков Div 2\". Там вы найдете задачи на разные темы, контест Div 2 состоит из задач попроще, Div 1 - посложнее. По мере решения имеющихся задач будут добавляться новые.</p>'),
(4171, 1383792155, -1, '192.168.2.2', ''),
(4172, 1383792699, -1, '192.168.2.2', '<p>Ура! Теперь на Gate доступен ряд открытых тренировочных контестов. Участвовать могут все желающие, для этого необходимо зарегистрироваться в тестирующей системе (<a href=\"${document-root}/storage/image/data_0002.jpg\">инструкция</a>).</p><p>Если вы уже зарегистрированы на Gate, достаточно зайти под своим логином и нажать на ссылку ниже, после этого все тренировочные контесты станут доступны.</p><h2><p><a href=\"enter.php\">Принять участие</a></p></h2><hr><h2><p>Новости тренировок:</p></h2><h4><p>18 октября 2013 15:24</p></h4><p>Открыты первые тренировочные контесты - \"Контест для слабаков Div 1\", \"Контест для слабаков Div 2\". Там вы найдете задачи на разные темы, контест Div 2 состоит из задач попроще, Div 1 - посложнее. По мере решения имеющихся задач будут добавляться новые.</p>'),
(4184, 1383797039, -1, '192.168.2.2', ''),
(4190, 1383799492, -1, '192.168.2.2', ''),
(4179, 1383795698, -1, '192.168.2.2', '<p>Ура! Теперь на Gate доступен ряд открытых тренировочных контестов. Участвовать могут все желающие, для этого необходимо зарегистрироваться в тестирующей системе (<a href=\"${document-root}/storage/image/data_0002.jpg\">инструкция</a>).</p><p>Если вы уже зарегистрированы на Gate, достаточно зайти под своим логином и нажать на ссылку ниже, после этого все тренировочные контесты станут доступны.</p><h2><p><a href=\"enter.php\">Принять участие</a></p></h2><hr><h2><p>Новости тренировок:</p></h2><h4><p>18 октября 2013 15:24</p></h4><font size=\"2\"><p>Открыты первые тренировочные контесты - \"Контест для слабаков Div 1\", \"Контест для слабаков Div 2\". Там вы найдете задачи на разные темы, контест Div 2 состоит из задач попроще, Div 1 - посложнее. По мере решения имеющихся задач будут добавляться новые.</p></font>'),
(4186, 1383797744, -1, '192.168.2.2', ''),
(4197, 1383842118, 2, '192.168.2.2', '<p>Ура! Теперь на Gate доступен ряд открытых тренировочных контестов. Участвовать могут все желающие, для этого необходимо зарегистрироваться в тестирующей системе (<a href=\"${document-root}/storage/image/data_0002.jpg\">инструкция</a>).</p><p>Если вы уже зарегистрированы на Gate, достаточно зайти под своим логином и нажать на ссылку ниже, после этого все тренировочные контесты станут доступны.</p><h2><p><a href=\"enter.php\">Принять участие</a></p><p><br></p></h2><hr><h2><p>Новости тренировок</p><p><span style=\"font-size: 11px;\">7 ноября 2013 22:42</span></p><p><span style=\"font-size: 11px; font-weight: normal;\">8 ноября в 13:40 в школе №9 пройдет тренировочный контест на тему \"Геометрия\". С ее началом станут доступны контесты \"Геометрия Div 1\" и \"Геометрия Div 2\", и теоретические материалы.</span></p></h2><h4><p>18 октября 2013 15:24</p></h4><p>Открыты первые тренировочные контесты - \"Контест для слабаков Div 1\", \"Контест для слабаков Div 2\". Там вы найдете задачи на разные темы, контест Div 2 состоит из задач попроще, Div 1 - посложнее. По мере решения имеющихся задач будут добавляться новые.</p>'),
(4165, 1383790233, -1, '192.168.2.2', ''),
(4180, 1383795816, -1, '192.168.2.2', ''),
(4181, 1383796273, -1, '192.168.2.2', '<font size=\"2\"><p>Ура! Теперь на Gate доступен ряд открытых тренировочных контестов. Участвовать могут все желающие, для этого необходимо зарегистрироваться в тестирующей системе (<a href=\"${document-root}/storage/image/data_0002.jpg\">инструкция</a>).</p><p>Если вы уже зарегистрированы на Gate, достаточно зайти под своим логином и нажать на ссылку ниже, после этого все тренировочные контесты станут доступны.</p></font><h2><p><a href=\"enter.php\">Принять участие</a></p></h2><hr><h2><p>Новости тренировок:</p></h2><h3><p><br></p><p>18 октября 2013 15:24</p></h3><font size=\"2\"><p>Открыты первые тренировочные контесты - \"Контест для слабаков Div 1\", \"Контест для слабаков Div 2\". Там вы найдете задачи на разные темы, контест Div 2 состоит из задач попроще, Div 1 - посложнее. По мере решения имеющихся задач будут добавляться новые.</p></font>'),
(13, 1382091330, 2, '192.168.2.2', '<font size=\"2\"><p>Ура! Теперь на Gate доступен ряд открытых тренировочных контестов. Участвовать могут все желающие, для этого необходимо зарегистрироваться в тестирующей системе (<a href=\"${document-root}/storage/image/data_0002.jpg\">инструкция</a>).</p><p>Если вы уже зарегистрированы на Gate, достаточно зайти под своим логином и нажать на ссылку ниже, после этого все тренировочные контесты станут доступны.</p></font><h2><p><a href=\"enter.php\">Принять участие</a></p></h2><hr><h2><p>Новости тренировок:</p></h2><h3><p>18 октября 2013 15:24</p></h3><font size=\"2\"><p>Открыты первые тренировочные контесты - \"Контест для слабаков Div 1\", \"Контест для слабаков Div 2\". Там вы найдете задачи на разные темы, контест Div 2 состоит из задач попроще, Div 1 - посложнее. По мере решения имеющихся задач будут добавляться новые.</p></font>'),
(4178, 1383793724, -1, '192.168.2.2', ''),
(4185, 1383797487, -1, '192.168.2.2', '<p>Ура! Теперь на Gate доступен ряд открытых тренировочных контестов. Участвовать могут все желающие, для этого необходимо зарегистрироваться в тестирующей системе (инструкция).</p><h3><p><a href=\"enter.php\">Принять участие</a></p></h3><h3><p><br></p><p>Новости тренировок:</p></h3><h4><p><br></p><p>18 октября 2013 15:24</p></h4><p>Открыты первые тренировочные контесты - \"Контест для слабаков Div 1\", \"Контест для слабаков Div 2\". Там вы найдете задачи на разные темы, контест Div 2 состоит из задач попроще, Div 1 - посложнее. По мере решения имеющихся задач будут добавляться новые.</p>'),
(4173, 1383792859, -1, '192.168.2.2', '<p>Ура! Теперь на Gate доступен ряд открытых тренировочных контестов. Участвовать могут все желающие, для этого необходимо зарегистрироваться в тестирующей системе (инструкция).</p><h3><p><a href=\"enter.php\">Принять участие</a></p></h3><h3><p><br></p><p>Новости тренировок:</p></h3><h4><p>18 октября 2013 15:24</p></h4><p>Открыты первые тренировочные контесты - \"Контест для слабаков Div 1\", \"Контест для слабаков Div 2\". Там вы найдете задачи на разные темы, контест Div 2 состоит из задач попроще, Div 1 - посложнее. По мере решения имеющихся задач будут добавляться новые.</p>'),
(4174, 1383793027, -1, '192.168.2.2', ''),
(4175, 1383793204, -1, '192.168.2.2', '<font size=\"2\"><p>Ура! Теперь на Gate доступен ряд открытых тренировочных контестов. Участвовать могут все желающие, для этого необходимо зарегистрироваться в тестирующей системе (<a href=\"${document-root}/storage/image/data_0002.jpg\">инструкция</a>).</p><p>Если вы уже зарегистрированы на Gate, достаточно зайти под своим логином и нажать на ссылку ниже, после этого все тренировочные контесты станут доступны.</p></font><h2><p><a href=\"enter.php\">Принять участие</a></p></h2><hr><h2><p>Новости тренировок:</p></h2><h3><p>18 октября 2013 15:24</p></h3><font size=\"2\"><p>Открыты первые тренировочные контесты - \"Контест для слабаков Div 1\", \"Контест для слабаков Div 2\". Там вы найдете задачи на разные темы, контест Div 2 состоит из задач попроще, Div 1 - посложнее. По мере решения имеющихся задач будут добавляться новые.1</p></font>'),
(4176, 1383793288, -1, '192.168.2.2', '<p>Ура! Теперь на Gate доступен ряд открытых тренировочных контестов. Участвовать могут все желающие, для этого необходимо зарегистрироваться в тестирующей системе (<a href=\"${document-root}/storage/image/data_0002.jpg\">инструкция</a>).</p><h3><p><a href=\"enter.php\">Принять участие</a></p></h3><h3><br><p>Новости тренировок:</p></h3><h4><p>18 октября 2013 15:24</p></h4><p>Открыты первые тренировочные контесты - \"Контест для слабаков Div 1\", \"Контест для слабаков Div 2\". Там вы найдете задачи на разные темы, контест Div 2 состоит из задач попроще, Div 1 - посложнее. По мере решения имеющихся задач будут добавляться новые.</p>'),
(4193, 1383800020, -1, '192.168.2.2', ''),
(4183, 1383796888, -1, '192.168.2.2', '<p><a href=\"enter.php\">Принять участие</a></p>'),
(4166, 1383790661, -1, '192.168.2.2', '<p>Ура! Теперь на Gate доступен ряд открытых тренировочных контестов. Участвовать могут все желающие, для этого необходимо зарегистрироваться в тестирующей системе (инструкция) и нажать на ссылку:<br></p><h3><p><a href=\"enter.php\">Принять участие <br></a></p></h3><h3><p><br></p><p>Новости тренировок:</p></h3><h4><p>18 октября 2013 15:24</p></h4><p>Открыты первые тренировочные контесты - \"Контест для слабаков Div 1\", \"Контест для слабаков Div 2\". Там вы найдете задачи на разные темы, контест Div 2 состоит из задач попроще, Div 1 - посложнее. По мере решения имеющихся задач будут добавляться новые.</p>'),
(4163, 1383789095, -1, '192.168.2.2', ''),
(4182, 1383796339, -1, '192.168.2.2', ''),
(4189, 1383799279, -1, '192.168.2.2', '<p><a href=\"enter.php\">Принять участие</a></p><p><a href=\"enter.php\">орор<br></a></p>'),
(4195, 1383800549, -1, '192.168.2.2', ''),
(4198, 1384263026, 2, '192.168.2.2', '<p>Ура! Теперь на Gate доступен ряд открытых тренировочных контестов. Участвовать могут все желающие, для этого необходимо зарегистрироваться в тестирующей системе (<a href=\"${document-root}/storage/image/data_0002.jpg\">инструкция</a>).</p><p>Если вы уже зарегистрированы на Gate, достаточно зайти под своим логином и нажать на ссылку ниже, после этого все тренировочные контесты станут доступны.</p><h2><p><a href=\"enter.php\">Принять участие</a></p><p><br></p></h2><hr><h2><p>Новости тренировок</p></h2><h2><p><span style=\"font-size: 11px;\">12 ноября 2013 19:36</span></p><p><span style=\"font-size: 11px; font-weight: normal;\">Доступна теория к контесту по геометрии: &nbsp;<a href=\"http://school9.perm.ru/cityteam/geometry/\" style=\"font-size: 11px; font-weight: normal;\">http://school9.perm.ru/cityteam/geometry/</a>.</span></p></h2><h2><p><span style=\"font-size: 11px;\">7 ноября 2013 22:42</span></p><p><span style=\"font-size: 11px; font-weight: normal;\">8 ноября в 13:40 в школе №9 пройдет тренировочный контест на тему \"Геометрия\". С ее началом станут доступны контесты \"Геометрия Div 1\" и \"Геометрия Div 2\", и теоретические материалы.</span></p></h2><h4><p>18 октября 2013 15:24</p></h4><p>Открыты первые тренировочные контесты - \"Контест для слабаков Div 1\", \"Контест для слабаков Div 2\". Там вы найдете задачи на разные темы, контест Div 2 состоит из задач попроще, Div 1 - посложнее. По мере решения имеющихся задач будут добавляться новые.</p>');

-- --------------------------------------------------------

--
-- Структура таблицы `content_support_15_1`
--

CREATE TABLE `content_support_15_1` (
  `id` int(11) NOT NULL,
  `timestamp` int(11) DEFAULT NULL,
  `user_id` int(11) DEFAULT NULL,
  `ip` text,
  `date` date DEFAULT NULL,
  `title` longtext,
  `image` text,
  `short` longtext,
  `full` text
) ENGINE=MyISAM DEFAULT CHARSET=utf8;

--
-- Дамп данных таблицы `content_support_15_1`
--

INSERT INTO `content_support_15_1` (`id`, `timestamp`, `user_id`, `ip`, `date`, `title`, `image`, `short`, `full`) VALUES
(1, 1383801330, 2, '192.168.2.2', '2013-11-07', 'eeee', '', 'eeee', '<p>eeeeeeeee<br></p>');

-- --------------------------------------------------------

--
-- Структура таблицы `content_support_tables`
--

CREATE TABLE `content_support_tables` (
  `id` int(11) NOT NULL,
  `content_id` int(11) DEFAULT NULL,
  `dataset_id` int(11) DEFAULT NULL,
  `unique` int(11) DEFAULT '-1'
) ENGINE=MyISAM DEFAULT CHARSET=utf8;

--
-- Дамп данных таблицы `content_support_tables`
--

INSERT INTO `content_support_tables` (`id`, `content_id`, `dataset_id`, `unique`) VALUES
(1, 3, 1, -1),
(11, 12, 3, -1),
(3, 5, 3, -1),
(4, 6, -1, -1),
(5, 6, 4, 1),
(6, 6, 5, 2),
(7, 8, 2, -1),
(9, 10, 3, -1),
(10, 11, 3, -1),
(12, 13, 3, -1),
(14, 15, 1, -1);

-- --------------------------------------------------------

--
-- Структура таблицы `dataset`
--

CREATE TABLE `dataset` (
  `id` int(11) NOT NULL,
  `name` text,
  `refcount` int(11) DEFAULT '0'
) ENGINE=MyISAM DEFAULT CHARSET=utf8;

--
-- Дамп данных таблицы `dataset`
--

INSERT INTO `dataset` (`id`, `name`, `refcount`) VALUES
(1, 'Датированная публикация с изображением', 2),
(2, 'Многосекционный лист', 1),
(3, 'Простой лист', 5),
(4, 'ЧаВо - Секция', 1),
(5, 'ЧаВо - Вопрос', 1);

-- --------------------------------------------------------

--
-- Структура таблицы `dataset_assoc`
--

CREATE TABLE `dataset_assoc` (
  `id` int(11) NOT NULL,
  `order` int(11) DEFAULT NULL,
  `dataset` int(11) DEFAULT NULL,
  `datatype` int(11) DEFAULT NULL,
  `title` text,
  `field` text,
  `settings` text
) ENGINE=MyISAM DEFAULT CHARSET=utf8;

--
-- Дамп данных таблицы `dataset_assoc`
--

INSERT INTO `dataset_assoc` (`id`, `order`, `dataset`, `datatype`, `title`, `field`, `settings`) VALUES
(1, 1, 1, 4, 'Дата', 'date', 'a:2:{s:9:\"important\";b:1;s:9:\"invisible\";b:0;}'),
(2, 2, 1, 1, 'Заголовок', 'title', 'a:2:{s:9:\"important\";b:1;s:9:\"invisible\";b:0;}'),
(3, 3, 1, 5, 'Изображение', 'image', 'a:2:{s:9:\"important\";b:0;s:9:\"invisible\";b:0;}'),
(4, 4, 1, 2, 'Аннотация', 'short', 'a:2:{s:9:\"important\";b:1;s:9:\"invisible\";b:0;}'),
(5, 5, 1, 3, 'Текст', 'full', 'a:2:{s:9:\"important\";b:0;s:9:\"invisible\";b:0;}'),
(6, 1, 2, 1, 'Заголовок', 'title', 'a:2:{s:9:\"important\";b:1;s:9:\"invisible\";b:0;}'),
(7, 2, 2, 3, 'Текст', 'text', 'a:2:{s:9:\"important\";b:0;s:9:\"invisible\";b:0;}'),
(8, 1, 3, 3, 'Текст', 'text', 'a:2:{s:9:\"important\";b:0;s:9:\"invisible\";b:0;}'),
(9, 1, 4, 1, 'Заголовок', 'title', 'a:2:{s:9:\"important\";b:1;s:9:\"invisible\";b:0;}'),
(10, 1, 5, 1, 'Короткий вопрос', 'short', 'a:2:{s:9:\"important\";b:1;s:9:\"invisible\";b:0;}'),
(11, 2, 5, 2, 'Подробный вопрос', 'full', 'a:2:{s:9:\"important\";b:0;s:9:\"invisible\";b:0;}'),
(12, 3, 5, 3, 'Ответ', 'answer', 'a:2:{s:9:\"important\";b:1;s:9:\"invisible\";b:0;}');

-- --------------------------------------------------------

--
-- Структура таблицы `datatypes`
--

CREATE TABLE `datatypes` (
  `id` int(11) NOT NULL,
  `name` text,
  `class` text,
  `refcount` int(11) DEFAULT '0',
  `settings` text
) ENGINE=MyISAM DEFAULT CHARSET=utf8;

--
-- Дамп данных таблицы `datatypes`
--

INSERT INTO `datatypes` (`id`, `name`, `class`, `refcount`, `settings`) VALUES
(1, 'Текстовое поле', 'CDCText', 4, 'a:1:{s:4:\"data\";s:27:\"a:1:{s:6:\"nlines\";s:1:\"1\";}\";}'),
(2, 'Текстовое поле х2', 'CDCText', 2, 'a:1:{s:4:\"data\";s:27:\"a:1:{s:6:\"nlines\";s:1:\"2\";}\";}'),
(3, 'Визуально редактируемый текст с форматированием', 'CDCIFrame', 4, 'a:1:{s:4:\"data\";s:6:\"a:0:{}\";}'),
(4, 'Дата', 'CDCDate', 1, 'a:1:{s:4:\"data\";s:6:\"a:0:{}\";}'),
(5, 'Изображение', 'CDCImage', 1, 'a:1:{s:4:\"data\";s:6:\"a:0:{}\";}');

-- --------------------------------------------------------

--
-- Структура таблицы `files`
--

CREATE TABLE `files` (
  `id` int(11) NOT NULL,
  `name` text,
  `orig_name` text,
  `access` int(11) DEFAULT NULL,
  `blocked` tinyint(1) DEFAULT NULL
) ENGINE=MyISAM DEFAULT CHARSET=utf8;

-- --------------------------------------------------------

--
-- Структура таблицы `group`
--

CREATE TABLE `group` (
  `id` int(11) NOT NULL,
  `name` text,
  `default` int(11) DEFAULT NULL,
  `refcount` int(11) DEFAULT '0',
  `settings` text
) ENGINE=MyISAM DEFAULT CHARSET=utf8;

--
-- Дамп данных таблицы `group`
--

INSERT INTO `group` (`id`, `name`, `default`, `refcount`, `settings`) VALUES
(1, 'Разработчики системы', 0, 1, NULL),
(2, 'Редакторы статей', 0, 1, NULL),
(3, 'Пользователи сети &quot;Интернет&quot;', 0, 0, NULL),
(5, 'Жюри олимпиад', 0, 1, NULL);

-- --------------------------------------------------------

--
-- Структура таблицы `printing`
--

CREATE TABLE `printing` (
  `id` int(11) NOT NULL,
  `uid` int(11) NOT NULL,
  `solution` text NOT NULL,
  `done` tinyint(1) NOT NULL DEFAULT '0'
) ENGINE=MyISAM DEFAULT CHARSET=utf8;

-- --------------------------------------------------------

--
-- Структура таблицы `service`
--

CREATE TABLE `service` (
  `id` int(11) NOT NULL,
  `name` text,
  `sclass` text,
  `settings` text
) ENGINE=MyISAM DEFAULT CHARSET=utf8;

--
-- Дамп данных таблицы `service`
--

INSERT INTO `service` (`id`, `name`, `sclass`, `settings`) VALUES
(1, 'RSS Feed', 'CSCRSS', 'a:5:{s:5:\"title\";s:20:\"GATE: Новости\";s:3:\"url\";s:27:\"http://school9.perm.ru/gate\";s:9:\"timestamp\";i:1189254117;s:8:\"contents\";a:1:{i:3;i:1;}s:11:\"description\";s:20:\"GATE: Новости\";}');

-- --------------------------------------------------------

--
-- Структура таблицы `settings`
--

CREATE TABLE `settings` (
  `id` int(11) NOT NULL,
  `section` text,
  `name` text,
  `ident` text,
  `class` text,
  `used` int(11) DEFAULT '0',
  `settings` text
) ENGINE=MyISAM DEFAULT CHARSET=utf8;

--
-- Дамп данных таблицы `settings`
--

INSERT INTO `settings` (`id`, `section`, `name`, `ident`, `class`, `used`, `settings`) VALUES
(1, 'Системные', 'Максимальная длина логина пользователя', 'max_user_login_len', 'CSCNumber', 1, 'a:1:{s:5:\"value\";s:2:\"14\";}'),
(2, 'Системные', 'Максимальная длина имени пользователя', 'max_user_name_len', 'CSCNumber', 1, 'a:1:{s:5:\"value\";s:2:\"64\";}'),
(3, 'Системные', 'Максимальная длина пароля пользователя', 'max_user_passwd_len', 'CSCNumber', 1, 'a:1:{s:5:\"value\";s:2:\"16\";}'),
(4, 'Системные', 'Количество записей на странице &laquo;Пользователи и группы&raquo;', 'user_count', 'CSCNumber', 1, 'a:1:{s:5:\"value\";s:2:\"20\";}'),
(5, 'Системные', 'Блокировать сайт', 'site_lock', 'CSCCheckBox', 1, 'a:1:{s:5:\"value\";b:0;}'),
(6, 'Системные', 'Стартовый каталог', 'start_root', 'CSCText', 1, 'a:1:{s:5:\"value\";s:1:\"/\";}'),
(7, 'Разделы', 'Количество элементов на странице для раздела «Новости»', 'content_3_count', 'CSCSignedNumber', 0, 'a:1:{s:5:\"value\";s:2:\"10\";}'),
(15, 'WebTester', 'Имя хоста основного сервера WebTester', 'WT_server_host', 'CSCText', 1, 'a:1:{s:5:\"value\";s:9:\"127.0.0.1\";}'),
(16, 'WebTester', 'IPC-порт основного сервера WebTester', 'WT_server_port', 'CSCNumber', 1, 'a:1:{s:5:\"value\";s:5:\"13666\";}'),
(9, 'Сервисы', 'Количество записей в RSS для одного раздела', 'rss_items_per_content', 'CSCNumber', 1, 'a:1:{s:5:\"value\";i:7;}'),
(10, 'Олимпиады', 'Количество задач на странице редактирования', 'WT_problems_per_page', 'CSCNumber', 1, 'a:1:{s:5:\"value\";s:2:\"15\";}'),
(11, 'Олимпиады', 'Количество задач на странице браузера', 'WT_problems_per_browser_page', 'CSCNumber', 1, 'a:1:{s:5:\"value\";s:2:\"10\";}'),
(12, 'Олимпиады', 'Количество записей на странице статуса', 'WT_items_per_status_page', 'CSCNumber', 1, 'a:1:{s:5:\"value\";s:2:\"15\";}'),
(13, 'Разделы', 'Количество новостей на стартовой странице', 'last_news_count', 'CSCNumber', 0, 'a:1:{s:5:\"value\";s:2:\"10\";}'),
(14, 'Разделы', 'Количество элементов на странице для раздела «Downloads»', 'content_8_count', 'CSCSignedNumber', 0, 'a:1:{s:5:\"value\";s:2:\"10\";}'),
(17, 'WebTester', 'Логин на основной сервер WebTester', 'WT_server_login', 'CSCText', 1, 'a:1:{s:5:\"value\";s:4:\"root\";}'),
(18, 'WebTester', 'Пароль на основной сервер WebTester', 'WT_server_pass', 'CSCPassword', 1, 'a:1:{s:5:\"value\";s:11:\"T;brDNevfyt\";}');

-- --------------------------------------------------------

--
-- Структура таблицы `storage`
--

CREATE TABLE `storage` (
  `id` int(11) NOT NULL,
  `name` text,
  `path` text,
  `refcount` int(11) DEFAULT '0'
) ENGINE=MyISAM DEFAULT CHARSET=utf8;

--
-- Дамп данных таблицы `storage`
--

INSERT INTO `storage` (`id`, `name`, `path`, `refcount`) VALUES
(1, 'Хранилище изображений', '/image', 0),
(2, 'Хранилище файлов', '/files', 0),
(3, 'Хранилище изображений тестирующей системы', '/tester/image', 0),
(4, 'Хранилище файлов тестирующей системы', '/tester/files', 0);

-- --------------------------------------------------------

--
-- Структура таблицы `storage_volume_1`
--

CREATE TABLE `storage_volume_1` (
  `id` int(11) NOT NULL,
  `file` text,
  `user_id` int(11) DEFAULT NULL,
  `timestamp` int(11) DEFAULT NULL,
  `accepted` tinyint(1) DEFAULT '0',
  `params` text
) ENGINE=MyISAM DEFAULT CHARSET=utf8;

-- --------------------------------------------------------

--
-- Структура таблицы `storage_volume_2`
--

CREATE TABLE `storage_volume_2` (
  `id` int(11) NOT NULL,
  `file` text,
  `user_id` int(11) DEFAULT NULL,
  `timestamp` int(11) DEFAULT NULL,
  `accepted` tinyint(1) DEFAULT '0',
  `params` text
) ENGINE=MyISAM DEFAULT CHARSET=utf8;

-- --------------------------------------------------------

--
-- Структура таблицы `storage_volume_3`
--

CREATE TABLE `storage_volume_3` (
  `id` int(11) NOT NULL,
  `file` text,
  `user_id` int(11) DEFAULT NULL,
  `timestamp` int(11) DEFAULT NULL,
  `accepted` tinyint(1) DEFAULT '0',
  `params` text
) ENGINE=MyISAM DEFAULT CHARSET=utf8;

-- --------------------------------------------------------

--
-- Структура таблицы `storage_volume_4`
--

CREATE TABLE `storage_volume_4` (
  `id` int(11) NOT NULL,
  `file` text,
  `user_id` int(11) DEFAULT NULL,
  `timestamp` int(11) DEFAULT NULL,
  `accepted` tinyint(1) DEFAULT '0',
  `params` text
) ENGINE=MyISAM DEFAULT CHARSET=utf8;

-- --------------------------------------------------------

--
-- Структура таблицы `templates`
--

CREATE TABLE `templates` (
  `id` int(11) NOT NULL,
  `name` text,
  `text` longtext,
  `refcount` int(11) DEFAULT '0',
  `settings` text
) ENGINE=MyISAM DEFAULT CHARSET=utf8;

--
-- Дамп данных таблицы `templates`
--

INSERT INTO `templates` (`id`, `name`, `text`, `refcount`, `settings`) VALUES
(1, 'Заготовки / Настраиваемый каталог        ', '<div id=\"navigator\"><?=$pIFACE->GetName ();?></div>\n${subnav}\n<?php\n  // Все элементы в подкаталоге\n  $items=$pIFACE->GetCatalogueData (0 /* Глубина подкаталога */, 0 /* Идентификатор предка */);\n\n  // Указанный элемент\n  $item=$pIFACE->GetCatalogueItem (0 /* Глубина подкаталога */, 0 /* Идентификатор элемента */);\n?>\n        ', 1, NULL),
(2, 'Статья / Нижний колонтитул', '<?php\n  global $oldid, $pIFACE, $uid;\n  if ($oldid!=\'\' && $pIFACE->GetAllowed (\'EDIT\')) { ?>\n<div id=\"hr\"></div><div class=\"contentSub2\">\nВернуться к разделу &laquo;<a href=\".?wiki=history<?=(($uid!=\'\')?(\'&uid=\'.$uid):(\'\'));?>\">История</a>&raquo;\n<?php  } ?>\n', 1, NULL),
(3, 'Статьи / ЧаВо', '<div id=\"navigator\"><?=$pIFACE->GetName ();?></div>\r\n<div style=\"padding: 2px 0 4px 0;\">\r\nТакже советуем ознакомиться со статьей <a href=\"<?=config_get (\'document-root\');?>/articles/nicety\">тонкости работы в системе</a>.\r\n</div>\r\n${subnav}\r\n<?php\r\n  $sections=$pIFACE->GetCatalogueData (0, 0);\r\n  $all_items=array ();\r\n\r\n  println (\'<div class=\"FAQ\">\');\r\n\r\n  // Содержание\r\n  println (\'<div class=\"c\">\');\r\n  contentso (\'id=FAQ;\');\r\n  for ($i=0, $n=count ($sections); $i<$n; $i++) {\r\n    $s=$sections[$i];\r\n    println (\'  <div class=\"cs\">\');\r\n    println (\'    <div class=\"title\">\'.($i+1).\'. <a href=\".#s_\'.$i.\'\">\'.htmlspecialchars ($s[\'title\']).\'</a></div>\');\r\n    $items=$pIFACE->GetCatalogueData (1, $s[\'uid\']);\r\n    for ($j=0, $m=count ($items); $j<$m; $j++) {\r\n      $it=$items[$j];\r\n      println (\'    <div class=\"sub\">\'.($i+1).\'.\'.($j+1).\' <a href=\"#s_\'.$i.\'_q_\'.$j.\'\">\'.htmlspecialchars ($it[\'short\']).\'</a></div>\');\r\n    }\r\n    $all_items[$i]=$items;\r\n    println (\'  </div>\');\r\n  }\r\n  contentsc ();\r\n  println (\'</div>\');\r\n\r\n  // Собственно данные\r\n  for ($i=0, $n=count ($sections); $i<$n; $i++) {\r\n    $s=$sections[$i]; ?>\r\n<div class=\"s\" id=\"s_<?=$i;?>\">\r\n  <div class=\"title\"><?=htmlspecialchars ($s[\'title\']);?></div>\r\n  <div class=\"list\">\r\n<?php\r\n   $items=$all_items[$i];\r\n    for ($j=0, $m=count ($items); $j<$m; $j++) {\r\n      $it=$items[$j];\r\n?>\r\n      <div class=\"q<?=(($j==0)?(\' f\'):(\'\'));?>\" id=\"s_<?=$i;?>_q_<?=$j;?>\">\r\n        <div class=\"short\"><?=$it[\'short\'];?></div>\r\n<?=((trim ($it[\'full\'])!=\'\')?(\'        <div class=\"full\">Вопрос: \'.htmlspecialchars ($it[\'full\']).\'</div>\'.\"\\n\"):(\'\'));?>\r\n        <div class=\"ans\"><?=$it[\'answer\'];?></div>\r\n      <div>\r\n<?php } ?>\r\n  </div>\r\n</div>\r\n<?php  }\r\n  println (\'</div>\');\r\n?>\r\n', 1, NULL),
(4, 'Статьи / Заглавная страница', '<div style=\"border: 1px #777 solid; border-bottom: 0; margin-top: 8px;\">\r\n  <table class=\"clear\" width=\"99%\">\r\n    <tr>\r\n      <td style=\"padding: 8px 0;\">\r\n        <div style=\"background: #f9f9f9; padding: 8px; border: 1px #eee solid; margin-left: 8px;\">\r\n          <div style=\"width: 60%; background-color: #fff; padding: 4px 0;\">\r\n          <table class=\"clear\" width=\"100%\"><tr>\r\n          <td align=\"center\" width=\"85\" valign=\"middle\"><img src=\"<?=config_get (\'document-root\');?>/pics/wt_l_s.gif\"></td>\r\n          <td style=\"text-align: left; padding-left: 16px;\">\r\n            <h2 style=\"margin: 0;\">Добро пожаловать в <a href=\"<?=config_get (\'document-root\');?>/articles/about\">Gate</a>,</h2>\r\n            <h3 style=\"margin: 6px 0 0 0; font-weight: normal;\">систему проведения on-line олимпиад</h3>\r\n          </td>\r\n          </tr></table>\r\n          </div>\r\n        </div>\r\n      </td>\r\n      <td>&nbsp;</td>\r\n    </tr>\r\n  </table>\r\n</div>\r\n<table class=\"clear\" width=\"100%\">\r\n  <tr valign=\"top\">\r\n    <td width=\"40%\" style=\"padding-right: 4px;\">\r\n      <div class=\"lblock\"><div class=\"title tblue\"></div><div class=\"content\">\r\n<?php\r\n  $tpl=manage_template_by_name (\'Статьи / Заглавная страница / Левый колонтитул\');\r\n  print ($tpl->GetText ());\r\n?>\r\n        </div>\r\n      </div>\r\n    </td>\r\n    <td style=\"padding-left: 4px;\">\r\n<?php\r\n  $news=content_lookup (config_get (\'document-root\').\'/articles/news\');\r\n?>\r\n      <div class=\"lblock\"><div class=\"title tgreen\"></div><div class=\"content\"<?=(($news)?(\' style=\"padding-bottom: 12px;\"\'):(\'\'));?>>\r\n<?php\r\n  if (!$news) { ?>\r\n        <span class=\"contentSub\">Нет новостей</span>\r\n<?php  } else { $pIFACE=$news->GetData (); ?>\r\n        <h2 style=\"margin-top: 2px;\">Последние <a href=\"<?=config_get (\'document-root\');?>/articles/news\">новости</a>:</h2>\r\n<?php\r\n  $tpl=manage_template_by_name (\'Статьи / Заглавная страница / Список новостей\');\r\n  $pIFACE->OverwriteDisplayScript ($tpl->GetText ());\r\n  $pIFACE->Editor_DrawContent ();\r\n} ?>\r\n      </div>\r\n    </td>\r\n  </tr>\r\n</table>\r\n', 1, NULL),
(5, 'Статьи / Заглавная страница / Левый колонтитул', '<?php\r\n  global $login, $passwd;\r\n  if ($login!=\'\' && user_authorize (stripslashes ($login), stripslashes ($passwd))) {\r\n    redirect (config_get (\'http-document-root\'));\r\n  }\r\n  if (!user_authorized ()) {\r\n?>\r\n<form action=\".\" method=\"POST\">\r\n  <div class=\"form\">\r\n    <div class=\"content\">\r\n      <table class=\"clear\" width=\"100%\">\r\n        <tr>\r\n          <td width=\"80\">Ваш логин</td>\r\n          <td style=\"padding: 2px 0;\">\r\n            <div class=\"blockInput\"><input type=\"text\" class=\"txt\" id=\"login\" name=\"login\"></div>\r\n          </td>\r\n        </tr>\r\n        <tr>\r\n          <td>Пароль</td>\r\n          <td style=\"padding: 2px 0;\">\r\n            <table class=\"clear\" width=\"100%\">\r\n              <tr>\r\n                <td><div class=\"blockInput\"><input type=\"password\" class=\"txt\" name=\"passwd\"></div></td>\r\n                <td width=\"54\" align=\"right\"><button class=\"small\" style=\"width: 48px;\"  type=\"submit\">Войти</button></td>\r\n              </tr>\r\n            </table>\r\n          </td>\r\n        </tr>\r\n      </table>\r\n    </div>\r\n  </div>\r\n</form>\r\n<script language=\"JavaScript\" type=\"text/javascript\">\r\n  getElementById (\'login\').focus ();\r\n</script>\r\n<div id=\"hr\"></div>\r\n\r\n<b><a href=\"${document-root}/login/registration\">Зарегистрироваться</a></b> для решения в <b>вступительной работы в ЛКЛ</b>\r\n<div id=\"hr\"></div>\r\n\r\n<?php } ?>\r\n<div style=\"text-align: justify;\">\r\n  <b>Внимание:</b> Наша тестирующая система портирована на ОС Linux. В связи с этим появились некоторе <a href=\"<?=config_get (\'document-root\');?>/articles/nicety\">тонкости</a>, которые Вам следовало бы знать.<br>\r\n<div style=\"height: 4px;\"></div>\r\nЕсли Вы впервые находитесь в этой системе, то Вам следует изучить <a href=\"<?=config_get (\'document-root\');?>/articles/rules\">правила</a>.\r\n<div style=\"height: 4px;\"></div>\r\nПеред заданием вопроса администраторам ресурса, изучите раздел <a href=\"<?=config_get (\'document-root\');?>/articles/FAQ\">ЧаВо</a>. На вопросы, расмотренные в этом разделе, ответ дан не будет.\r\n</div>\r\n', 1, NULL),
(6, 'Статьи / Заглавная страница / Список новостей / Коротко о новости', '<?php\r\n  $full=trim (html2txt (targ (\'full\')))!=\'\';\r\n  $edit=$pIFACE->GetAllowed (\'EDITINFO\');\r\n\r\n  $doc_root=config_get (\'document-root\');\r\n  $edit_link=$pIFACE->GetItemEditorLink (targ (\'id\'));\r\n  if ($doc_root==\'\')\r\n    $edit_link=$doc_root.\'/articles/news\'.$edit_link; else\r\n    $edit_link=preg_replace (\'/\'.prepare_pattern ($doc_root).\'/i\', $doc_root.\'/articles/news\', $edit_link);\r\n\r\n  if ($full) $full=\'<span class=\"arr\"><a href=\"\'.$doc_root.\'/articles/news/text/?uid=\'.targ (\'uid\').\'\">Подробнее...</a></span>\';\r\n  if ($edit) $acts=\'<td class=\"acts\">[<a href=\"\'.$edit_link.\'\" title=\"Редактировать секцию: \'.targ (\'title\').\'\">Редактировать</a>]</td>\';\r\n?>\r\n<div id=\"entry\">\r\n  <div id=\"head\">\r\n    <table><tr><td><h3 style=\"margin: 0;\"><?=htmlspecialchars (targ (\'title\'));?></h3></td><?=$acts;?></tr></table>\r\n  </div>\r\n  <div id=\"text\"><?=fakecode (targ (\'short\'));?></div>\r\n  <table class=\"clear\" width=\"100%\"><tr>\r\n<? if ($full || $edit) { ?>\r\n    <td width=\"96\"><div id=\"bottom\"><?=$full;?></div></td>\r\n<? } ?>\r\n    <td style=\"text-align: right; padding-right: 16px;\">\r\n      <div><span id=\"author\" style=\"margin: 0;\"><?=targ (\'date\');?> by <?=user_generate_short_info_string (targ (\'user_id\'));?></span></div>\r\n    </td>\r\n  </tr></table>\r\n</div>\r\n', 1, NULL),
(7, 'Статьи / Заглавная страница / Список новостей', '<?php\n  $data=$pIFACE->GetList ();\n  $n=count ($data);\n  $tpl=manage_template_by_name (\'Статьи / Заглавная страница / Список новостей / Коротко о новости\');\n  $script=$tpl->GetText ();\n  if ($n>0) {\n?>\n<div id=\"news\">\n<?php\n  $j=max ($n-opt_get (\'last_news_count\'), 0);\n  for ($i=$n-1; $i>=$j; $i--) { $r=$data[$i]; tpl_srcp ($script, $r); }\n?>\n</div>\n<?php } else { ?>\n  <span class=\"contentsub\">Нет новостей</span>\n<?php } ?>\n', 1, NULL),
(8, 'Статьи / Правила / Лист', '<?php\n  $data=$pIFACE->GetList ();\n  $n=count ($data);\n  $script=$pIFACE->ItemScript ();\n?>\n<div id=\"navigator\"><?=$pIFACE->GetName ();?></div>\n${subnav}\n<div style=\"width: 320px; padding-left: 40px; margin-bottom: 16px;\">\n<?php\n  if ($n>0) {\n    contentso (\'id=rules\');\n    println (\'<div style=\"padding-left: 8px;\">\');\n    for ($i=0; $i<$n; $i++) { $r=$data[$i]; println (\'<div>\'.($i+1).\'. <a href=\"#section_\'.$i.\'\">\'.htmlspecialchars ($r[\'title\']).\'</a></div>\'); }\n    println (\'</div>\');\n    contentsc ();\n  } else\n    println (\'<span class=\"contentSub\">В разработке</span>\');\n?>\n</div>\n<div id=\"sectionlist\">\n<?php\n  for ($i=0; $i<$n; $i++) {\n    $r=$data[$i];\n    println (\'<div id=\"section_\'.$i.\'\"></div>\');\n    tpl_srcp ($script, $r);\n  }\n?>\n</div>\n', 1, NULL),
(9, 'Статьи / Правила / Абзац', '<?php\n   $edit=$pIFACE->GetAllowed (\'EDITINFO\');\n   if ($edit) $acts=\'<td class=\"acts\">[<a href=\"\'.$pIFACE->GetItemEditorLink (targ (\'id\')).\'\" title=\"Редактировать секцию: \'.targ (\'title\').\'\">Редактировать</a>]</td>\';\n?>\n<div id=\"entry\">\n  <div id=\"head\"><table><tr><td class=\"title\"><?=htmlspecialchars (targ (\'title\'));?></td><?=$acts;?></tr></table></div>\n  <div id=\"text\"><?=targ (\'text\');?></div>\n</div>\n<div style=\"height: 6px;\"></div>\n', 1, NULL),
(10, 'Страница / Нижний колонтитул', '<?php $info=client_info (); ?>\r\n<div id=\"footer\" style=\"padding-bottom: 4px;\">\r\n  <center>\r\n    <small>\r\n      <span class=\"contentSub\">[DEBUG] Страница была сгенерирована за <?=debug_get_watchdog();?>сек. Использовано запросов: <?=db_query_count ();?></span>\r\n    </small>\r\n  </center>\r\n  <div id=\"hr\" style=\"margin: 6px 0 1px 0;\"></div>\r\n  <table width=\"100%\" class=\"small\">\r\n    <tr>\r\n      <td width=\"50%\">Powered by Gate5 Engine (c) 2006-2010 nazgul</td>\r\n      <td align=\"right\">Все права защищены (с) 2008 sch9 team</td>\r\n    </tr>\r\n  </table>\r\n</div>\r\n', 1, NULL),
(11, 'Заготовки / Лист / Просто лист', '<div id=\"navigator\"><?=$pIFACE->GetName ();?></div>\n${subnav}\n<?=$pIFACE->Field (\'text\');?>\n', 1, NULL),
(12, 'Страница / Меню навигации', '<!--\r\n  `+`   -    Начать новое меню\r\n  `,` <модификаторы>     -   Новый элемент вне списка в текущем меню/подменю.\r\n  `.` <модификаторы>     -   Новый элемент в текущем меню/подменю.\r\n    Модификаторы:\r\n      `:`  - Запрет препарсинга html кода\r\n      \'l\'    - Отображать элемент только если пользователь авторизовался\r\n      \'L\'    - Отображать элемент только если пользователь _не_ авторизовался\r\n-->\r\n+ Навигация\r\n. [url href=\"$document_root/\"]Заглавная страница[/url]\r\n. l [url href=\"$document_root/login/profile\"]Мой профиль[/url]\r\n. [url href=\"$document_root/tester/?$anon_redirect\"]Олимпиады[/url]\r\n. [url href=\"$document_root/articles/trainings\"]Тренировки[/url]\r\n+ Wiki\r\n. [url href=\"$document_root/articles/news\"]Новости[/url]\r\n. [url href=\"$document_root/articles/FAQ\"]ЧаВо[/url]\r\n. [url href=\"$document_root/articles/nicety\"]Тонкости работы в системе[/url]\r\n. [url href=\"$document_root/articles/rules\"]Правила[/url]\r\n. [url href=\"$document_root/articles/about\"]О проекте[/url]\r\n. [url href=\"$document_root/articles/contacts\"]Наши контакты[/url]\r\n+ Ресурсы\r\n. [url href=\"$document_root/resources/downloads\"]Downloads[/url]', 1, NULL),
(20, 'Заготовки / Публикация / Абзац многосекционного листа', '<?php\n   $edit=$pIFACE->GetAllowed (\'EDITINFO\');\n   if ($edit) $acts=\'<td class=\"acts\">[<a href=\"\'.$pIFACE->GetItemEditorLink (targ (\'id\')).\'\" title=\"Редактировать секцию: \'.targ (\'title\').\'\">Редактировать</a>]</td>\';\n?>\n<div id=\"entry\">\n  <div id=\"head\"><table><tr><td class=\"title\"><?=htmlspecialchars (targ (\'title\'));?></td><?=$acts;?></tr></table></div>\n  <div id=\"text\"><?=targ (\'text\');?></div>\n</div>\n', 1, NULL),
(13, 'Заготовки / Публикация / Датированная публикация ', '  <?\n   $full=trim (html2txt (targ (\'full\')))!=\'\';\n   $edit=$pIFACE->GetAllowed (\'EDITINFO\');\n   if ($full) $full=\'<span class=\"arr\"><a href=\"./text/?uid=\'.targ (\'uid\').\'\">Подробнее...</a></span>\';\n   if ($edit) $acts=\'<td class=\"acts\">[<a href=\"\'.$pIFACE->GetItemEditorLink (targ (\'id\')).\'\" title=\"Редактировать секцию: \'.targ (\'title\').\'\">Редактировать</a>]</td>\';\n ?>\n <div id=\"entry\">\n   <div id=\"head\">\n     <table><tr>\n       <td class=\"title\">\n         <?=htmlspecialchars (targ (\'title\'));?>\n         <div class=\"sub\"><?=targ (\'date\');?><span id=\"author\">Добавил: <?=user_generate_short_info_string (targ (\'user_id\'));?></span></div>\n       </td>\n       <?=$acts;?>\n     </tr></table>\n   </div>\n   <div id=\"text\"><?=fakecode (targ (\'short\'));?></div>\n<? if ($full || $edit) { ?>\n     <div id=\"bottom\"><?=$full;?></div>\n<? } ?>\n </div>\n ', 1, NULL),
(14, 'Заготовки / Публикация / Подробно о публикации', '<?php\r\nglobal $oldid, $uid, $page;\r\nif ($oldid==\'\')\r\n  // Получение последней версии публикаии\r\n  $data=$pIFACE->GetListRowByUid ($uid); else\r\n  // Получение бубликации с указанным id\r\n  $data=$pIFACE->GetListRowbyId ($oldid);\r\n?>\r\n<div id=\"navigator\"><a href=\"<?=dirname ($GLOBALS[\'REQUEST_URI\'])?>\"><?=$pIFACE->GetName ();?></a><?=$data[\'title\'];?></div>\r\n${subnav}\r\n<?php\r\n  $full=trim (html2txt ($data[\'full\']))!=\'\';\r\n  if ($full) print ($data[\'full\']); else print (\'<p>\'.fakecode ($data[\'short\']).\'</p>\');\r\n  print (\'<div style=\"margin-top: 8px;\"><span class=\"arr\"><a href=\"../\'.(($page!=\'\')?(\'?page=\'.$page):(\'\')).\'\">Перейти к списку новостей</a></span></div>\');\r\n?>\r\n', 1, NULL),
(15, 'Заготовки / Публикация / Список публикаций', '<?php\n  global $page;\n  $data=$pIFACE->GetPagedList ($data->PageCount-$page+1);\n  $n=count ($data);\n  $script=$pIFACE->ItemScript ();\n?>\n<div id=\"navigator\"><?=$pIFACE->GetName ();?></div>\n${subnav}\n<?=$pIFACE->GetPagintation ($page);?>\n<div id=\"news\">\n<?\n  // Скрипт создавался для вывода списка новостей. Так что вывод в обратном порядке :)\n  for ($i=$n-1; $i>=0; $i--) { $r=$data[$i]; tpl_srcp ($script, $r); }\n?>\n</div>\n<div style=\"margin-top: 6px;\">\n<?=$pIFACE->GetPagintation ($page);?>\n</div>\n', 1, NULL),
(16, 'Заготовки / Публикация / Многосекционный лист: абзац', '<?php\r\n   $edit=$pIFACE->GetAllowed (\'EDITINFO\');\r\n   if ($edit) $acts=\'<td class=\"acts\">[<a href=\"\'.$pIFACE->GetItemEditorLink (targ (\'id\')).\'\" title=\"Редактировать секцию: \'.targ (\'title\').\'\">Редактировать</a>]</td>\';\r\n?>\r\n<div id=\"entry\">\r\n  <div id=\"head\"><table><tr><td class=\"title\"><?=htmlspecialchars (targ (\'title\'));?></td><?=$acts;?></tr></table></div>\r\n  <div id=\"text\"><?=targ (\'text\');?></div>\r\n</div>\r\n', 1, NULL),
(17, 'Заготовки / Публикация / Многосекционный лист', '<?php\n  global $page;\n  $data=$pIFACE->GetPagedList ($page);\n  $n=count ($data);\n  $script=$pIFACE->ItemScript ();\n?>\n<div id=\"navigator\"><?=$pIFACE->GetName ();?></div>\n${subnav}\n<?=$pIFACE->GetPagintation ($page);?>\n<div id=\"sectionlist\">\n<? for ($i=0; $i<$n; $i++) { $r=$data[$i]; tpl_srcp ($script, $r); }\n?>\n</div>\n<div style=\"margin-top: 6px;\">\n<?=$pIFACE->GetPagintation ($page);?>\n</div>\n', 1, NULL),
(18, 'Олимпиады / Informatics / Заготовка условия задачи', '<p>\r\n  &nbsp;\r\n</p><br>\r\n<p><b>Формат файла входных данных:</b></p>\r\n<p>&nbsp;</p><br>\r\n<p><b>Формат файла выходных данных:</b></p>\r\n<p>&nbsp;</p><br>\r\n<p>\r\n  <b>Пример:</b><br>\r\n  <table class=\"info\">\r\n    <tr class=\"h\">\r\n      <th>&nbsp;</th>\r\n      <th>&nbsp;</th>\r\n    </tr>\r\n    <tr>\r\n      <td>&nbsp;</td>\r\n      <td>&nbsp;</td>\r\n    </tr>\r\n </table>\r\n</p>\r\n', 1, NULL),
(19, 'Олимпиады / Informatics / Список задач', '&nbsp;\n', 1, NULL),
(21, 'Заготовки / Настраиваемый каталог', '<div id=\"navigator\"><?=$pIFACE->GetName ();?></div>\n${subnav}\n<?php\n  // Все элементы в подкаталоге\n  $items = $pIFACE->GetCatalogueData (0 /* Глубина подкаталога */, 0 /* Идентификатор предка */);\n\n  // Указанный элемент\n  $item = $pIFACE->GetCatalogueItem (0 /* Глубина подкаталога */, 0 /* Идентификатор элемента */);\n?>\n', 1, NULL);

-- --------------------------------------------------------

--
-- Структура таблицы `tester`
--

CREATE TABLE `tester` (
  `security` text,
  `content` text NOT NULL
) ENGINE=MyISAM DEFAULT CHARSET=utf8;

--
-- Дамп данных таблицы `tester`
--

INSERT INTO `tester` (`security`, `content`) VALUES
('a:1:{s:3:\"ALL\";a:2:{s:5:\"order\";s:10:\"deny_allow\";s:4:\"acts\";a:3:{i:0;a:2:{s:3:\"act\";s:9:\"AllowUser\";s:3:\"val\";s:1:\"1\";}i:1;a:2:{s:3:\"act\";s:9:\"AllowUser\";s:3:\"val\";s:1:\"2\";}i:2;a:2:{s:3:\"act\";s:10:\"AllowGroup\";s:3:\"val\";s:1:\"5\";}}}}', 'a:1:{s:6:\"iframe\";a:2:{s:5:\"image\";a:3:{s:7:\"storage\";s:1:\"3\";s:6:\"hlimit\";s:6:\"<=1024\";s:6:\"vlimit\";s:6:\"<=1024\";}s:4:\"file\";a:1:{s:7:\"storage\";s:1:\"4\";}}}');

-- --------------------------------------------------------

--
-- Структура таблицы `tester_categories`
--

CREATE TABLE `tester_categories` (
  `id` int(11) NOT NULL,
  `order` int(11) DEFAULT NULL,
  `contest_id` int(11) DEFAULT NULL,
  `name` text
) ENGINE=MyISAM DEFAULT CHARSET=utf8;

-- --------------------------------------------------------

--
-- Структура таблицы `tester_checkers`
--

CREATE TABLE `tester_checkers` (
  `id` int(11) NOT NULL,
  `name` longtext,
  `uploaded` tinyint(1) DEFAULT '0',
  `settings` longtext
) ENGINE=MyISAM DEFAULT CHARSET=utf8;

--
-- Дамп данных таблицы `tester_checkers`
--

INSERT INTO `tester_checkers` (`id`, `name`, `uploaded`, `settings`) VALUES
(1, 'Сравнение 2-х LongInt-ов', 0, 'a:4:{s:3:\"src\";s:149:\"#include <testlib++.h>\r\nvoid Check ()\r\n{\r\n  if (ouf.ReadLongint ()!=ans.ReadLongint ())\r\n    Quit (_WA, \"Value mistmatch\");\r\n  Quit (_OK, \"OK\");\r\n}\r\n\";s:11:\"compiler_id\";s:3:\"G++\";s:3:\"ERR\";s:2:\"OK\";s:4:\"DESC\";s:0:\"\";}'),
(2, 'Сравнение 2-х строк', 0, 'a:4:{s:3:\"src\";s:149:\"#include <testlib++.h>\r\nvoid Check  ()\r\n{\r\n  if (ouf.ReadString ()!=ans.ReadString ())\r\n    Quit (_WA, \"String mistmatch\");\r\n  Quit (_OK, \"OK\");\r\n}\r\n\";s:11:\"compiler_id\";s:3:\"G++\";s:3:\"ERR\";s:2:\"OK\";s:4:\"DESC\";s:0:\"\";}'),
(3, 'Построковое сравнение', 0, 'a:4:{s:3:\"src\";s:243:\"#include <testlib++.h>\r\nvoid Check ()\r\n{\r\n  while (!ans.Eof ())\r\n    if (ouf.ReadString ()!=ans.ReadString ())\r\n      Quit (_WA, \"String mistmatch\");\r\n  if (!ouf.Eof ()) Quit (_WA, \"Extra information in output file\");\r\n  Quit (_OK, \"OK\");\r\n}\r\n\";s:11:\"compiler_id\";s:3:\"G++\";s:3:\"ERR\";s:2:\"OK\";s:4:\"DESC\";s:0:\"\";}'),
(6, 'Сравнение Float-ов (с точностью 1e-6)', 0, 'a:4:{s:3:\"src\";s:181:\"#include <testlib++.h>\r\n#include <math.h>\r\n\r\nvoid Check ()\r\n{\r\n  if (fabs (ouf.ReadFloat () - ans.ReadFloat ()) > 1e-6)\r\n    Quit (_WA, \"Value mistmatch\");\r\n  Quit (_OK, \"OK\");\r\n}\r\n\";s:11:\"compiler_id\";s:3:\"G++\";s:3:\"ERR\";s:2:\"OK\";s:4:\"DESC\";s:0:\"\";}'),
(7, 'Сравнение многих Longint-ов (от начала до конца файла)', 0, 'a:4:{s:3:\"src\";s:248:\"#include <testlib++.h>\r\nvoid Check ()\r\n{\r\n  while (!ans.SeekEof())\r\n    if (ouf.ReadLongint ()!=ans.ReadLongint ())\r\n      Quit (_WA, \"Value mismatch\");\r\n  if (!ouf.SeekEof ()) Quit (_WA, \"Extra information in output file\");\r\n  Quit (_OK, \"OK\");\r\n}\";s:11:\"compiler_id\";s:3:\"G++\";s:3:\"ERR\";s:2:\"OK\";s:4:\"DESC\";s:0:\"\";}'),
(12, 'Сравнение многих float-ов (от начала до конца файла)', 0, 'a:4:{s:3:\"src\";s:296:\"#include <testlib++.h>\r\n#include <math.h>\r\nconst double eps = 1e-5;\r\nvoid Check ()\r\n{\r\n  while (!ans.SeekEof())\r\n    if (fabs(ouf.ReadFloat()-ans.ReadFloat())>eps)\r\n      Quit (_WA, \"Value mismatch\");\r\n  if (!ouf.SeekEof ()) Quit (_WA, \"Extra information in output file\");\r\n  Quit (_OK, \"OK\");\r\n}\";s:11:\"compiler_id\";s:3:\"G++\";s:3:\"ERR\";s:2:\"OK\";s:4:\"DESC\";s:0:\"\";}'),
(13, 'Сравнение пар Float-ов (с точностью 1e-6)', 0, 'a:4:{s:3:\"src\";s:275:\"#include <testlib++.h>\r\n#include <math.h>\r\n\r\nvoid Check ()\r\n{\r\n  if (fabs (ouf.ReadFloat () - ans.ReadFloat ()) > 1e-6)\r\n    Quit (_WA, \"Value mistmatch\");\r\n  if (fabs (ouf.ReadFloat () - ans.ReadFloat ()) > 1e-6)\r\n    Quit (_WA, \"Value mistmatch\");\r\n  Quit (_OK, \"OK\");\r\n}\r\n\";s:11:\"compiler_id\";s:3:\"G++\";s:3:\"ERR\";s:2:\"OK\";s:4:\"DESC\";s:0:\"\";}'),
(14, 'Temp checker for tests', 0, 'a:4:{s:3:\"src\";s:2695:\"#include <testlib++.h>\r\n#include <vector>\r\n#include <string>\r\n\r\nusing namespace std;\r\n\r\nvector<int> buildSuffixArray(vector<int> src);\r\n\r\nvoid Check ()\r\n{\r\n        string ja = ans.ReadString();\r\n\r\n        string pa = ouf.ReadString();\r\n\r\n        int n = inf.ReadLongint();\r\n\r\n\r\n\r\n        if (pa == ja) {\r\n\r\n            Quit(_OK, \"n = \" + n);\r\n\r\n        }\r\n\r\n\r\n\r\n        if (pa == \"Error\") {\r\n\r\n            Quit(_WA, \"Error unexpected\");\r\n\r\n        }\r\n\r\n\r\n\r\n        if (pa.size() != n) {\r\n\r\n            Quit(_WA, \"Wrong length\");\r\n\r\n        }\r\n\r\n\r\n	vector<int> a(n, 0);\r\n        for (int i = 0; i < n; i++) {\r\n\r\n            a[i] = inf.ReadLongint();\r\n\r\n        }\r\n\r\n\r\n	vector<int> v(n, 0);\r\n\r\n        for (int i = 0; i < pa.size(); i++) {\r\n\r\n            char c = pa[i];\r\n\r\n            if (c != \'0\' && c != \'1\') {\r\n\r\n                Quit(_PE, \"Line of 0-s and 1-s expected\");\r\n\r\n            }\r\n\r\n            v[i] = c - \'0\';\r\n\r\n        }\r\n\r\n\r\n\r\n        vector<int> b = buildSuffixArray(v);\r\n\r\n        if (a != b) {\r\n\r\n            Quit(_WA, \"Wrong suffix array\");\r\n\r\n        }\r\n\r\n\r\n\r\n        if (ja == \"Error\") {\r\n\r\n            Quit(_FAIL, \"Jury thought it was impossible\");\r\n\r\n        }\r\n\r\n\r\n\r\n        Quit(_OK, \"n = \" + n);\r\n\r\n \r\n}\r\n\r\nvector<int> buildSuffixArray(vector<int> src) {\r\n	int n = src.size() + 1;\r\n	vector<int> s(n, 0);\r\n	for (int i = 0; i < n - 1; i++) {\r\n		s[i] = src[i] + 1;\r\n        }\r\n	vector<int> c(n, 0);\r\n	vector<int> c1(n, 0);\r\n        for (int i = 0; i < n; i++) {\r\n            c[i] = s[i];\r\n        }\r\n	vector<int> cnt(3, 0);\r\n        for (int i = 0; i < n; i++) {\r\n	        cnt[c[i]]++;\r\n        }\r\n	vector<int> h(max(3, n), 0);\r\n	vector<int> h1(max(3, n), 0);\r\n        for (int i = 1; i < 3; i++) {\r\n            h[i] = h[i - 1] + cnt[i - 1];\r\n            h1[i] = h[i];\r\n        }\r\n\r\n	vector<int> a(n, 0);\r\n	vector<int> a1(n, 0);\r\n\r\n        for (int i = 0; i < n; i++) {\r\n            a[h1[c[i]]++] = i;\r\n        }\r\n        \r\n	int l = 1;\r\n        while (l < n) {\r\n            for (int i = 0; i < n; i++) {\r\n                int j = ((a[i] - l) % n + n) % n;\r\n                a1[h[c[j]]++] = j;\r\n            }\r\n            int nc = 0;\r\n            h[nc++] = 0;\r\n            for (int i = 1; i < n; i++) {\r\n                if (c[a1[i]] != c[a1[i - 1]] || c[(a1[i] + l) % n] != c[(a1[i - 1] + l) % n]) {\r\n                    h[nc++] = i;\r\n                }\r\n                c1[a1[i]] = nc - 1;\r\n            }\r\n\r\n            l *= 2;\r\n	    vector<int> tmp = a;\r\n            a = a1; a1 = tmp;\r\n            tmp = c; c = c1; c1 = tmp;\r\n        }\r\n\r\n	vector<int> b(n - 1, 0);\r\n        for (int i = 1; i < n; i++) {\r\n            b[i - 1] = a[i] + 1;\r\n        }\r\n        return b;\r\n    }\";s:11:\"compiler_id\";s:3:\"G++\";s:3:\"ERR\";s:2:\"OK\";s:4:\"DESC\";s:0:\"\";}'),
(16, 'Сравнение двух длинных чисел', 0, 'a:4:{s:3:\"src\";s:450:\"#include <testlib++.h>\r\n\r\ninline std::string trim(std::string& str)\r\n{\r\n        str.erase(0, str.find_first_not_of(\' \'));\r\n        str.erase(str.find_last_not_of(\' \')+1);\r\n\r\n        return str;\r\n}\r\n\r\nvoid Check(void)\r\n{\r\n        std::string a = ans.ReadString();\r\n        std::string b = ouf.ReadString();\r\n\r\n        trim(a);\r\n        trim(b);\r\n\r\n        if (a != b)\r\n                Quit (_WA, \"Numbers mistmatch\");\r\n\r\n        Quit (_OK, \"OK\");\r\n}\r\n\";s:11:\"compiler_id\";s:3:\"G++\";s:3:\"ERR\";s:2:\"OK\";s:4:\"DESC\";s:0:\"\";}'),
(17, 'Сравнение Float-ов (с точностью 1e-4)', 0, 'a:4:{s:3:\"src\";s:181:\"#include <testlib++.h>\r\n#include <math.h>\r\n\r\nvoid Check ()\r\n{\r\n  if (fabs (ouf.ReadFloat () - ans.ReadFloat ()) > 1e-4)\r\n    Quit (_WA, \"Value mistmatch\");\r\n  Quit (_OK, \"OK\");\r\n}\r\n\";s:11:\"compiler_id\";s:3:\"G++\";s:3:\"ERR\";s:2:\"OK\";s:4:\"DESC\";s:0:\"\";}'),
(36, 'Сравнение пар Longint-ов', 0, 'a:4:{s:3:\"src\";s:264:\"#include <testlib++.h>\r\nvoid Check() {\r\nlong long a, b;\r\na = ouf.ReadLongint();\r\nb = ouf.ReadLongint();\r\nlong long aa, ba;\r\naa = ans.ReadLongint();\r\nba = ans.ReadLongint();\r\nif (a == aa && b == ba) {\r\nQuit(_OK, \"OK\");\r\n} else {\r\nQuit(_WA, \"Value mistmatch\");\r\n}\r\n}\";s:11:\"compiler_id\";s:3:\"G++\";s:3:\"ERR\";s:2:\"OK\";s:4:\"DESC\";s:0:\"\";}'),
(38, 'Сравнение многих длинных чисел', 0, 'a:4:{s:3:\"src\";s:549:\"#include <testlib++.h>\r\n\r\ninline std::string trim(std::string& str)\r\n{\r\n        str.erase(0, str.find_first_not_of(\' \'));\r\n        str.erase(str.find_last_not_of(\' \')+1);\r\n\r\n        return str;\r\n}\r\n\r\nvoid Check(void)\r\n{\r\n        while (!ans.Eof ()) {\r\n        std::string a = ans.ReadString();\r\n        std::string b = ouf.ReadString();\r\n\r\n        trim(a);\r\n        trim(b);\r\n\r\n        if (a != b)\r\n                Quit (_WA, \"Numbers mistmatch\");\r\n}\r\n if (!ouf.Eof ()) Quit (_WA, \"Extra information in output file\");\r\n        Quit (_OK, \"OK\");\r\n}\r\n\";s:11:\"compiler_id\";s:3:\"G++\";s:3:\"ERR\";s:2:\"OK\";s:4:\"DESC\";s:0:\"\";}'),
(29, 'Сравнение пар Float-ов (с точностью 1e-2)', 0, 'a:4:{s:3:\"src\";s:275:\"#include <testlib++.h>\r\n#include <math.h>\r\n\r\nvoid Check ()\r\n{\r\n  if (fabs (ouf.ReadFloat () - ans.ReadFloat ()) > 1e-2)\r\n    Quit (_WA, \"Value mistmatch\");\r\n  if (fabs (ouf.ReadFloat () - ans.ReadFloat ()) > 1e-2)\r\n    Quit (_WA, \"Value mistmatch\");\r\n  Quit (_OK, \"OK\");\r\n}\r\n\";s:11:\"compiler_id\";s:3:\"G++\";s:3:\"ERR\";s:2:\"OK\";s:4:\"DESC\";s:0:\"\";}');

-- --------------------------------------------------------

--
-- Структура таблицы `tester_contestgroup`
--

CREATE TABLE `tester_contestgroup` (
  `contest_id` int(11) DEFAULT NULL,
  `group_id` int(11) DEFAULT NULL
) ENGINE=MyISAM DEFAULT CHARSET=utf8;

-- --------------------------------------------------------

--
-- Структура таблицы `tester_contests`
--

CREATE TABLE `tester_contests` (
  `id` int(11) NOT NULL,
  `name` text,
  `lid` int(11) DEFAULT NULL,
  `status` int(11) DEFAULT NULL,
  `settings` text NOT NULL
) ENGINE=MyISAM DEFAULT CHARSET=utf8;

-- --------------------------------------------------------

--
-- Структура таблицы `tester_disabled_problems`
--

CREATE TABLE `tester_disabled_problems` (
  `contest_id` int(11) DEFAULT NULL,
  `problem_id` int(11) DEFAULT NULL
) ENGINE=MyISAM DEFAULT CHARSET=utf8;

-- --------------------------------------------------------

--
-- Структура таблицы `tester_judgegroup`
--

CREATE TABLE `tester_judgegroup` (
  `contest_id` int(11) DEFAULT NULL,
  `group_id` int(11) DEFAULT NULL
) ENGINE=MyISAM DEFAULT CHARSET=utf8;

-- --------------------------------------------------------

--
-- Структура таблицы `tester_problems`
--

CREATE TABLE `tester_problems` (
  `id` int(11) NOT NULL,
  `lid` int(11) DEFAULT NULL,
  `name` text,
  `description` longtext,
  `settings` longtext,
  `uploaded` int(11) DEFAULT '0'
) ENGINE=MyISAM DEFAULT CHARSET=utf8;

-- --------------------------------------------------------

--
-- Структура таблицы `tester_problem_tags`
--

CREATE TABLE `tester_problem_tags` (
  `problem_id` int(11) DEFAULT NULL,
  `tag_id` int(11) DEFAULT NULL
) ENGINE=MyISAM DEFAULT CHARSET=utf8;

-- --------------------------------------------------------

--
-- Структура таблицы `tester_solutions`
--

CREATE TABLE `tester_solutions` (
  `id` int(11) NOT NULL,
  `lid` int(11) DEFAULT NULL,
  `contest_id` int(11) DEFAULT NULL,
  `problem_id` int(11) DEFAULT NULL,
  `user_id` int(11) DEFAULT NULL,
  `timestamp` int(11) DEFAULT NULL,
  `status` int(11) DEFAULT NULL,
  `parameters` longtext,
  `errors` text,
  `points` int(11) DEFAULT NULL,
  `ignored` tinyint(1) DEFAULT '0'
) ENGINE=MyISAM DEFAULT CHARSET=utf8;

-- --------------------------------------------------------

--
-- Структура таблицы `tester_tags_dict`
--

CREATE TABLE `tester_tags_dict` (
  `id` int(11) NOT NULL,
  `tag` text
) ENGINE=MyISAM DEFAULT CHARSET=utf8;

--
-- Дамп данных таблицы `tester_tags_dict`
--

INSERT INTO `tester_tags_dict` (`id`, `tag`) VALUES
(1, 'УГ'),
(2, 'динамика'),
(3, 'Рекурсия'),
(4, 'Графы'),
(5, 'Длиннка'),
(6, 'Длинка'),
(7, 'Халява'),
(8, 'Простой цикл'),
(9, 'Мусор'),
(10, 'уууг'),
(11, 'Перебор'),
(12, 'геометрия'),
(13, 'Кирпич'),
(14, 'События'),
(15, 'Структуры'),
(16, 'Бинпоиск'),
(17, 'регулярные выражения'),
(18, '7-8 класс'),
(19, '7-11'),
(20, '7-11 класс'),
(21, '5-6 класс'),
(22, '9-11 класс'),
(23, 'Очень сложный алгоритм!'),
(24, 'Математика'),
(25, 'Евклид'),
(26, 'Map of Vector');

-- --------------------------------------------------------

--
-- Структура таблицы `tester_tasks`
--

CREATE TABLE `tester_tasks` (
  `id` int(11) NOT NULL,
  `contest_id` int(11) DEFAULT NULL,
  `problem_id` int(11) DEFAULT NULL,
  `letter` int(11) DEFAULT NULL,
  `catid` int(11) DEFAULT '0',
  `settings` longtext
) ENGINE=MyISAM DEFAULT CHARSET=utf8;

-- --------------------------------------------------------

--
-- Структура таблицы `user`
--

CREATE TABLE `user` (
  `id` int(11) NOT NULL,
  `name` text,
  `login` text,
  `password` text,
  `access` int(11) DEFAULT NULL,
  `email` text,
  `authorized` tinyint(1) DEFAULT NULL,
  `timestamp` int(11) DEFAULT '0',
  `last_act` int(11) NOT NULL DEFAULT '0',
  `settings` text
) ENGINE=MyISAM DEFAULT CHARSET=utf8;

--
-- Дамп данных таблицы `user`
--

INSERT INTO `user` (`id`, `name`, `login`, `password`, `access`, `email`, `authorized`, `timestamp`, `last_act`, `settings`) VALUES
(1, 'nazgûl', 'root', '0329fcb2bfb4b0b6de5256d22df07620', 7, 'postmaster@localhost', 1, 0, 1502085088, ''),
(2, 'admin', 'admin', 'ed6cfb4fcc3164dbc3c64600c92119f8', 7, 'noreply@localhost', 1, 1382283632, 1502085124, '');

-- --------------------------------------------------------

--
-- Структура таблицы `usergroup`
--

CREATE TABLE `usergroup` (
  `id` int(11) NOT NULL,
  `user_id` int(11) DEFAULT NULL,
  `group_id` int(11) DEFAULT NULL
) ENGINE=MyISAM DEFAULT CHARSET=utf8;

--
-- Дамп данных таблицы `usergroup`
--

INSERT INTO `usergroup` (`id`, `user_id`, `group_id`) VALUES
(3, 1, 5),
(1, 1, 1),
(2, 1, 2);

-- --------------------------------------------------------

--
-- Структура таблицы `xpfs_volumes`
--

CREATE TABLE `xpfs_volumes` (
  `name` text
) ENGINE=MyISAM DEFAULT CHARSET=utf8;

--
-- Дамп данных таблицы `xpfs_volumes`
--

INSERT INTO `xpfs_volumes` (`name`) VALUES
('xpfs');

-- --------------------------------------------------------

--
-- Структура таблицы `xpfs_volume_xpfs`
--

CREATE TABLE `xpfs_volume_xpfs` (
  `id` int(11) NOT NULL,
  `pid` int(11) DEFAULT NULL,
  `name` text,
  `data` longblob,
  `mtime` int(11) DEFAULT '0',
  `access` int(11) DEFAULT '0',
  `attr` int(11) DEFAULT '0'
) ENGINE=MyISAM DEFAULT CHARSET=utf8;

--
-- Дамп данных таблицы `xpfs_volume_xpfs`
--

INSERT INTO `xpfs_volume_xpfs` (`id`, `pid`, `name`, `data`, `mtime`, `access`, `attr`) VALUES
(1, 0, '/', NULL, 0, 0, 0),
(2, 1, 'tester', '', 1237469224, 0, 2),
(3, 2, 'testing', '', 1237469224, 0, 2),
(73, 2, 'wt.cfg', 0x696e697469616c697a65643b313b313b, 1237565261, 0, 1),
(74, 2, 'tests', '', 1237565686, 0, 2);

--
-- Индексы сохранённых таблиц
--

--
-- Индексы таблицы `content`
--
ALTER TABLE `content`
  ADD PRIMARY KEY (`id`);

--
-- Индексы таблицы `content_support_3_1`
--
ALTER TABLE `content_support_3_1`
  ADD PRIMARY KEY (`id`);

--
-- Индексы таблицы `content_support_5_3`
--
ALTER TABLE `content_support_5_3`
  ADD PRIMARY KEY (`id`);

--
-- Индексы таблицы `content_support_6_-1`
--
ALTER TABLE `content_support_6_-1`
  ADD PRIMARY KEY (`id`);

--
-- Индексы таблицы `content_support_6_4_1`
--
ALTER TABLE `content_support_6_4_1`
  ADD PRIMARY KEY (`id`);

--
-- Индексы таблицы `content_support_6_5_2`
--
ALTER TABLE `content_support_6_5_2`
  ADD PRIMARY KEY (`id`);

--
-- Индексы таблицы `content_support_8_2`
--
ALTER TABLE `content_support_8_2`
  ADD PRIMARY KEY (`id`);

--
-- Индексы таблицы `content_support_10_3`
--
ALTER TABLE `content_support_10_3`
  ADD PRIMARY KEY (`id`);

--
-- Индексы таблицы `content_support_11_3`
--
ALTER TABLE `content_support_11_3`
  ADD PRIMARY KEY (`id`);

--
-- Индексы таблицы `content_support_12_3`
--
ALTER TABLE `content_support_12_3`
  ADD PRIMARY KEY (`id`);

--
-- Индексы таблицы `content_support_13_3`
--
ALTER TABLE `content_support_13_3`
  ADD PRIMARY KEY (`id`);

--
-- Индексы таблицы `content_support_15_1`
--
ALTER TABLE `content_support_15_1`
  ADD PRIMARY KEY (`id`);

--
-- Индексы таблицы `content_support_tables`
--
ALTER TABLE `content_support_tables`
  ADD PRIMARY KEY (`id`);

--
-- Индексы таблицы `dataset`
--
ALTER TABLE `dataset`
  ADD PRIMARY KEY (`id`);

--
-- Индексы таблицы `dataset_assoc`
--
ALTER TABLE `dataset_assoc`
  ADD PRIMARY KEY (`id`);

--
-- Индексы таблицы `datatypes`
--
ALTER TABLE `datatypes`
  ADD PRIMARY KEY (`id`);

--
-- Индексы таблицы `files`
--
ALTER TABLE `files`
  ADD PRIMARY KEY (`id`);

--
-- Индексы таблицы `group`
--
ALTER TABLE `group`
  ADD PRIMARY KEY (`id`);

--
-- Индексы таблицы `printing`
--
ALTER TABLE `printing`
  ADD PRIMARY KEY (`id`);

--
-- Индексы таблицы `service`
--
ALTER TABLE `service`
  ADD PRIMARY KEY (`id`);

--
-- Индексы таблицы `settings`
--
ALTER TABLE `settings`
  ADD PRIMARY KEY (`id`);

--
-- Индексы таблицы `storage`
--
ALTER TABLE `storage`
  ADD PRIMARY KEY (`id`);

--
-- Индексы таблицы `storage_volume_1`
--
ALTER TABLE `storage_volume_1`
  ADD PRIMARY KEY (`id`);

--
-- Индексы таблицы `storage_volume_2`
--
ALTER TABLE `storage_volume_2`
  ADD PRIMARY KEY (`id`);

--
-- Индексы таблицы `storage_volume_3`
--
ALTER TABLE `storage_volume_3`
  ADD PRIMARY KEY (`id`);

--
-- Индексы таблицы `storage_volume_4`
--
ALTER TABLE `storage_volume_4`
  ADD PRIMARY KEY (`id`);

--
-- Индексы таблицы `templates`
--
ALTER TABLE `templates`
  ADD PRIMARY KEY (`id`);

--
-- Индексы таблицы `tester_categories`
--
ALTER TABLE `tester_categories`
  ADD PRIMARY KEY (`id`);

--
-- Индексы таблицы `tester_checkers`
--
ALTER TABLE `tester_checkers`
  ADD PRIMARY KEY (`id`);

--
-- Индексы таблицы `tester_contests`
--
ALTER TABLE `tester_contests`
  ADD PRIMARY KEY (`id`);

--
-- Индексы таблицы `tester_problems`
--
ALTER TABLE `tester_problems`
  ADD PRIMARY KEY (`id`);

--
-- Индексы таблицы `tester_solutions`
--
ALTER TABLE `tester_solutions`
  ADD PRIMARY KEY (`id`),
  ADD KEY `contest_id` (`contest_id`);

--
-- Индексы таблицы `tester_tags_dict`
--
ALTER TABLE `tester_tags_dict`
  ADD PRIMARY KEY (`id`);

--
-- Индексы таблицы `tester_tasks`
--
ALTER TABLE `tester_tasks`
  ADD PRIMARY KEY (`id`);

--
-- Индексы таблицы `user`
--
ALTER TABLE `user`
  ADD PRIMARY KEY (`id`);

--
-- Индексы таблицы `usergroup`
--
ALTER TABLE `usergroup`
  ADD PRIMARY KEY (`id`);

--
-- Индексы таблицы `xpfs_volume_xpfs`
--
ALTER TABLE `xpfs_volume_xpfs`
  ADD PRIMARY KEY (`id`);

--
-- AUTO_INCREMENT для сохранённых таблиц
--

--
-- AUTO_INCREMENT для таблицы `content`
--
ALTER TABLE `content`
  MODIFY `id` int(11) NOT NULL AUTO_INCREMENT;
--
-- AUTO_INCREMENT для таблицы `content_support_3_1`
--
ALTER TABLE `content_support_3_1`
  MODIFY `id` int(11) NOT NULL AUTO_INCREMENT;
--
-- AUTO_INCREMENT для таблицы `content_support_5_3`
--
ALTER TABLE `content_support_5_3`
  MODIFY `id` int(11) NOT NULL AUTO_INCREMENT;
--
-- AUTO_INCREMENT для таблицы `content_support_6_-1`
--
ALTER TABLE `content_support_6_-1`
  MODIFY `id` int(11) NOT NULL AUTO_INCREMENT;
--
-- AUTO_INCREMENT для таблицы `content_support_6_4_1`
--
ALTER TABLE `content_support_6_4_1`
  MODIFY `id` int(11) NOT NULL AUTO_INCREMENT;
--
-- AUTO_INCREMENT для таблицы `content_support_6_5_2`
--
ALTER TABLE `content_support_6_5_2`
  MODIFY `id` int(11) NOT NULL AUTO_INCREMENT;
--
-- AUTO_INCREMENT для таблицы `content_support_8_2`
--
ALTER TABLE `content_support_8_2`
  MODIFY `id` int(11) NOT NULL AUTO_INCREMENT;
--
-- AUTO_INCREMENT для таблицы `content_support_10_3`
--
ALTER TABLE `content_support_10_3`
  MODIFY `id` int(11) NOT NULL AUTO_INCREMENT;
--
-- AUTO_INCREMENT для таблицы `content_support_11_3`
--
ALTER TABLE `content_support_11_3`
  MODIFY `id` int(11) NOT NULL AUTO_INCREMENT;
--
-- AUTO_INCREMENT для таблицы `content_support_12_3`
--
ALTER TABLE `content_support_12_3`
  MODIFY `id` int(11) NOT NULL AUTO_INCREMENT;
--
-- AUTO_INCREMENT для таблицы `content_support_13_3`
--
ALTER TABLE `content_support_13_3`
  MODIFY `id` int(11) NOT NULL AUTO_INCREMENT;
--
-- AUTO_INCREMENT для таблицы `content_support_15_1`
--
ALTER TABLE `content_support_15_1`
  MODIFY `id` int(11) NOT NULL AUTO_INCREMENT;
--
-- AUTO_INCREMENT для таблицы `content_support_tables`
--
ALTER TABLE `content_support_tables`
  MODIFY `id` int(11) NOT NULL AUTO_INCREMENT;
--
-- AUTO_INCREMENT для таблицы `dataset`
--
ALTER TABLE `dataset`
  MODIFY `id` int(11) NOT NULL AUTO_INCREMENT;
--
-- AUTO_INCREMENT для таблицы `dataset_assoc`
--
ALTER TABLE `dataset_assoc`
  MODIFY `id` int(11) NOT NULL AUTO_INCREMENT;
--
-- AUTO_INCREMENT для таблицы `datatypes`
--
ALTER TABLE `datatypes`
  MODIFY `id` int(11) NOT NULL AUTO_INCREMENT;
--
-- AUTO_INCREMENT для таблицы `files`
--
ALTER TABLE `files`
  MODIFY `id` int(11) NOT NULL AUTO_INCREMENT;
--
-- AUTO_INCREMENT для таблицы `group`
--
ALTER TABLE `group`
  MODIFY `id` int(11) NOT NULL AUTO_INCREMENT;
--
-- AUTO_INCREMENT для таблицы `printing`
--
ALTER TABLE `printing`
  MODIFY `id` int(11) NOT NULL AUTO_INCREMENT;
--
-- AUTO_INCREMENT для таблицы `service`
--
ALTER TABLE `service`
  MODIFY `id` int(11) NOT NULL AUTO_INCREMENT;
--
-- AUTO_INCREMENT для таблицы `settings`
--
ALTER TABLE `settings`
  MODIFY `id` int(11) NOT NULL AUTO_INCREMENT;
--
-- AUTO_INCREMENT для таблицы `storage`
--
ALTER TABLE `storage`
  MODIFY `id` int(11) NOT NULL AUTO_INCREMENT;
--
-- AUTO_INCREMENT для таблицы `storage_volume_1`
--
ALTER TABLE `storage_volume_1`
  MODIFY `id` int(11) NOT NULL AUTO_INCREMENT;
--
-- AUTO_INCREMENT для таблицы `storage_volume_2`
--
ALTER TABLE `storage_volume_2`
  MODIFY `id` int(11) NOT NULL AUTO_INCREMENT;
--
-- AUTO_INCREMENT для таблицы `storage_volume_3`
--
ALTER TABLE `storage_volume_3`
  MODIFY `id` int(11) NOT NULL AUTO_INCREMENT;
--
-- AUTO_INCREMENT для таблицы `storage_volume_4`
--
ALTER TABLE `storage_volume_4`
  MODIFY `id` int(11) NOT NULL AUTO_INCREMENT;
--
-- AUTO_INCREMENT для таблицы `templates`
--
ALTER TABLE `templates`
  MODIFY `id` int(11) NOT NULL AUTO_INCREMENT;
--
-- AUTO_INCREMENT для таблицы `tester_categories`
--
ALTER TABLE `tester_categories`
  MODIFY `id` int(11) NOT NULL AUTO_INCREMENT;
--
-- AUTO_INCREMENT для таблицы `tester_checkers`
--
ALTER TABLE `tester_checkers`
  MODIFY `id` int(11) NOT NULL AUTO_INCREMENT;
--
-- AUTO_INCREMENT для таблицы `tester_contests`
--
ALTER TABLE `tester_contests`
  MODIFY `id` int(11) NOT NULL AUTO_INCREMENT;
--
-- AUTO_INCREMENT для таблицы `tester_problems`
--
ALTER TABLE `tester_problems`
  MODIFY `id` int(11) NOT NULL AUTO_INCREMENT;
--
-- AUTO_INCREMENT для таблицы `tester_solutions`
--
ALTER TABLE `tester_solutions`
  MODIFY `id` int(11) NOT NULL AUTO_INCREMENT;
--
-- AUTO_INCREMENT для таблицы `tester_tags_dict`
--
ALTER TABLE `tester_tags_dict`
  MODIFY `id` int(11) NOT NULL AUTO_INCREMENT;
--
-- AUTO_INCREMENT для таблицы `tester_tasks`
--
ALTER TABLE `tester_tasks`
  MODIFY `id` int(11) NOT NULL AUTO_INCREMENT;
--
-- AUTO_INCREMENT для таблицы `user`
--
ALTER TABLE `user`
  MODIFY `id` int(11) NOT NULL AUTO_INCREMENT;
--
-- AUTO_INCREMENT для таблицы `usergroup`
--
ALTER TABLE `usergroup`
  MODIFY `id` int(11) NOT NULL AUTO_INCREMENT;
--
-- AUTO_INCREMENT для таблицы `xpfs_volume_xpfs`
--
ALTER TABLE `xpfs_volume_xpfs`
  MODIFY `id` int(11) NOT NULL AUTO_INCREMENT;COMMIT;

/*!40101 SET CHARACTER_SET_CLIENT=@OLD_CHARACTER_SET_CLIENT */;
/*!40101 SET CHARACTER_SET_RESULTS=@OLD_CHARACTER_SET_RESULTS */;
/*!40101 SET COLLATION_CONNECTION=@OLD_COLLATION_CONNECTION */;
